Byoru (ビョル)	196
咬一口兔娘ovo (Yaokoututu)	164
AI Art	131
Unknown Cosplayer	122
Umeko J	87
ZinieQ (ジニCosplayer)	80
Rinaijiao	80
九言 (Jiu Yan)	79
XiuRen秀人网	79
Arty Huang (Arty亚缇)	76
Pure Media	73
水淼Aqua	72
Nekokoyoshi (爆机少女喵小吉)	69
Okita Rinka (沖田凜花Rinka)	69
水淼aqua	68
PoppaChan	63
Hoshilily (星之迟迟)	63
Sayo Momo	61
Tiny Asa アサ (tiny.asababy)	59
Tokar 浵卡 (laurus0711)	56
Joyce (Joyce Lin2x)	55
铃木美咲 (Misaki Suzuki)	54
Nagisa (魔物喵)	52
Yuuhui玉汇 (Kokuhui)	47
年年Nnian	46
Xidaidai (喜呆呆)	46
Fantasy Factory	44
Chunmomo	42
KaYa Huang (萱)	41
Pyoncos (ピオン)	38
Sakurai Ningning	38
Meenfox	37
Rioko (凉凉子)	36
Rinaijiao-(日奈娇)	35
Natsuko夏夏子	34
钛合金TiTi	34
Kyokoyaki	34
Inkyung (강인경)	33
布丁大法 (Pudding Dafa)	32
鹿八岁baby (baby	32
Puypuy プィプィ (Puypuychan)	31
Azami	30
Chunmomo (蠢沫沫)	29
Bangni邦尼	28
PingPing	28
Yamisung	27
阿薰kaOri (axunkaOri)	26
Ayame Base	26
りんごみつき(ringo_mitsuki)	26
桃良阿宅 (taoliangazhai)	25
慕慕Momo	25
落落Raku (rakuraku166)	25
Hokunaimeko	24
少女映画 (Shojo eiga)	24
鱼子酱Fish	24
Byoru	24
Minichu	23
DJAWA Photo	23
洛璃LoLiSAMA	22
Machi馬吉	21
Nyako (喵子)	21
Neppu (ネップ)	20
Chengzimiaoj (橙子喵酱)	20
胡桃猫Kurumineko	20
Asagiriai (愛ちゃん)	19
金鱼kinngyo	19
ChuChu Magic	18
Quan冉有点饿	18
Cherry Neko (桜桃喵)	18
您的蛋蛋 (ddanlikeu)	17
Hana Bunny	17
Xia Xiao Qiu Qiu Qiu (夏小秋秋秋)	17
小瑶幺幺 (xiaoyaoyaoyao12)	16
DreamlikeUwU	16
奈汐酱nice 自撮り(niceoppi)	16
lMusicl	16
Taonuan222 (桃暖酱)	16
BLUECAKE	16
Abaoyeshitunia1 (阿包也是兔娘)	15
小和甜酒 (xiaohetianjiu)	15
Messie Huang写真	15
晕崽Zz (yunzaizzz)	15
eliza喵喵 – (elizamiaomiao72)	15
Azure Channn	15
Arty Huang	15
Meeu (蜜汁猫裘)	14
Kokurachiyo (小仓千代w)	14
星澜是澜澜叫澜妹呀 (Xinglan is Lanlan called Lanmei)	14
向日君 (Hinata2000)	14
ATFM	14
Sandu 69	14
深夜企划 (shenyeqihua)	14
Xiuren秀人网	14
Miinmeow	13
DemiFairyTW	13
Fantasy Factory – 小丁 (Xiao Ding)	13
Ria Kurumi	13
柒柒要乖哦 (Qiqi yao guai o)	13
小欣奈 (lovewxnn)	12
你的小狗 (PuppyPorn090)	12
Blacqkl (白莉爱吃巧克力)	12
Qiyuemiaozi (七月喵子)	12
小青茗 (QingmingJiang)	12
小鸟酱 (kotori950422)	12
Okada Yui	12
二阶堂 (Er jie tang)	12
Yaokoututu (黏黏团子兔)	12
萌白酱 (yikouyoutao)	11
懒懒睡不醒 (LanLanWink)	11
蜜蜜子Kimmie	11
雪晴Astra (雪晴嘟嘟)	11
霜月shimo	11
Rikachan	11
鹿八岁baby (baby-LuLu)	11
不呆猫 (budaidaimao)	11
きょう肉肉 (nikumikyo)	11
Yuuhui玉汇	11
ArtGravia	11
九曲jean	10
软萌兔兔酱 (SweetRabbit233)	10
Yunx1x1 (云溪溪)	10
清水由乃 (Qsyn0101)	10
Yeon Woo (연우)	10
Guaxichan (瓜希酱)	10
PhotoChips	10
Chengzimiaoj	10
一只肉酱阿 (roujiangdajiba)	9
白日梦 (Cncmeng8)	9
小野猫 (kiki)	9
小丁 (Xiao Ding)	9
Asagi Kawaii	9
CatDemon喵崽	9
桜满三时 (AraneaSakura)	9
SleeppyLee1 (小礼好困)	9
阿雪雪 (axuexue yuki)	9
Remukira レム	9
HongKongDoll	9
鹿初 (Shika	9
六味帝皇酱 (YourDrug88)	9
Lilynah	9
Ino	9
絞肉姬 Walkure	8
秋和柯基 (QIUandCorgi)	8
ShenzeYongli (神沢永莉)	8
抱走莫子aa (mozi0228)	8
木之本澜 (Muzhiben lan)	8
Hachi 小芭	8
絞肉姬 Walkure (13HELLSLUT666)	8
Sakurai Ningning-(桜井宁宁)	8
Neko-chan	8
Banbanko (半半子)	8
Miko酱 (mikomikoww)	8
Espacia Korea	8
筱田甜 (xiaotiantian617)	7
职业奶妈三水子 (Zhiye naima san shui zi)	7
Imyuiichann	7
香草少女m (girlyoyobbb)	7
有喵酱 (Nyako__erina)	7
柚木 (Youmu)	7
HimeTsu	7
Wanco chan	7
Qianchuan Yixiao (笑芳香沁)	7
可可老师 (ARIZATUS1)	7
[Bimilstory]	7
Abaoyeshitunia1	7
soso嗖嗖 (sosweetiii)	6
Yui Peachpie	6
米胡桃MeeHutao (MeeHuTao69)	6
白銀81 (81silver811)	6
二佐Nisa	6
麻花麻花酱 (Mahua Mahuajiang)	6
三青叶子 (San Qing Yezi)	6
Sandu 69 – (三度_69)	6
上杉绘梨落 (Uesugi hui Nashi Ochi)	6
小樱 (Xiao Ying)	6
封疆疆v (Dolly48226855)	6
楊衣Yangyi	6
工口糯米姬 (Momo19991215)	6
YanYan Bonnie	6
Hiino雪月 (hiino_cosplay)	6
白袜袜 (taopaipu)	6
サイちゃん (saizneko_2)	6
Sameki	6
桃谷若姬子 (Taogu ruo ji zi)	6
Zia (지아)	6
陈小花 (Chen Xiaohua)	6
七七娜娜子 (Qiqi Nanako)	6
Ain Nguyen	6
[Loozy] Zia (지아)	6
[Loozy]	6
KpKpR (Paaaajo1)	5
Minami	5
AikoUwU	5
小蔡头喵喵喵 (yuziqoq)	5
Pi-Cos	5
是三不是世w (Sanshiya)	5
Rissoft 前羽	5
Masked Shojo	5
Chono Black	5
小容仔咕咕咕w (rongrongzi)	5
AT鲨 (ATshayu)	5
少女映畫 (aileijiang996)	5
Nookkizz (NookkizzCos)	5
Itchika Red-Beryl	5
[Yo	5
Tina很妖孽呀	5
[Lilynah]	5
Chunmomo – (蠢沫沫)	5
Wenwenkira (雯妹不讲道理)	5
[SWEETBOX] Yeri	5
Yebin (전예빈)	5
SAINT Photolife	5
Aqua	5
是一只熊仔吗 (Shi yi zhixiong zi ma)	4
ATFM – Tsubaki	4
幼水铃衣 (You Shui Ling Yi)	4
柒柒不可爱 (QiQi is not cute)	4
虎森森 (Hu Sensen)	4
Shiraga Yanko	4
小宅酱 (tmEujITwYqHa1MS)	4
Wink是可爱的wink (winkwin44566322)	4
李佳 (Li Jia)	4
呜咽丰川呜子 (WuWuWyE)	4
Hatori Sama	4
杪夏Babydoll	4
污神映画 (Wu Kami Eiga)	4
G44不会受伤	4
莱可Raika (Raikajiang)	4
黄金二逼王 (Huangjin er bi wang)	4
少女秩序 (Shojo chitsujo)	4
Kantaehee	4
ZinieQ	4
鹿野希 (Kano Nozomi)	4
Rinaリナ (RinaCosplay)	4
imOlive (olive_emmm)	4
紧急企划 (Junji qihua)	4
Lovely Space Kitten	4
Ayaka	4
Hualing (花铃)	4
Clockwork Girl (迷之呆梨)	4
一只云烧 (BuckyClouds)	4
白烨 (niyeye0316)	4
樱落酱w (Sakura_FF)	4
Last Night 787 (末夜787)	4
Glossy Rabbit – 艶兎 (tsuyato)	4
Eve	4
Heroine K (女主K)	4
YouMi	4
JOApictures	4
[Moon Night Snap]	4
[Moon Night Snap] Mona (모나)	4
LEEHEE EXPRESS	4
晕崽Zz	4
Mizu	3
九言 (Jiu Yan) and 小瑶幺幺 (xiaoyaoyaoyao12)	3
一小央泽 (yixiaoyangzew)	3
Nekokoyoshi (爆机少女喵小吉) and 金鱼kinngyo	3
Jpcutegirlnoa	3
白栎Shirly (BailiKoi)	3
恶犬 (E quan)	3
Money冷冷 (Money04456598)	3
เจ้ามิ้ง (muming8891)	3
YoYoMi悠悠米防走丢 (yoyomiO123)	3
DreamTamu	3
Cocopie	3
サイちゃん (Sai	3
茶籽ccz	3
Nagomi	3
木之本果 (Muzhiben guo)	3
焖焖碳 (MMMenmentan)	3
杏仁曲奇 (Mali luo si)	3
白桃少女 (Hakuto shojo)	3
Pudding Desu	3
鱼子酱Fish and 杏子Yada	3
Yuna (유나)	3
Burin	3
流年不停 (Liunian bu ting)	3
rua阮阮	3
狍崽子 (Naixiloli)	3
咬一口小奈樱 (Yao yikou xiao nai ying)	3
樱狸子 (Ying li zi)	3
晓晓可可爱 (xiaoxiaocute5)	3
萌芽儿o0 (myeo0)	3
Heejae	3
HERESY – りんごみつき(ringo_mitsuki)	3
鹿八岁 (baby	3
Saika (河北彩花)	3
Mercury Nguyen (disleft)	3
Yuki Hiino	3
谢小蒽 (Xie Xiaoan)	3
脸红Dearie (youmeibaobei)	3
Kitkat	3
夏树 (xiashu88)	3
西瓜少女 (Xigua shaonu)	3
Kururin	3
曉美媽 (Xiao mei ma)	3
利世 (Li shi)	3
Ely	3
Atsuki滑稽姐	3
西园寺南歌 (Megumi Nange)	3
皮皮奶可可爱了啦 (PPN130f)	3
Paruru2xc (香草喵露露)	3
Wang Zhizi (汪知子)	3
[ArtGravia]	3
Photochips	3
[Moon Night Snap] Dame (담)	3
Chunmomo-(蠢沫沫)	3
Nekokoyoshi	3
BLUECAKE – Son Ye-Eun-(손예은)	3
Zia	3
Senya Miku	3
Mafuyu Kagurazaka	3
Hoshilily	3
G44	3
ZinieQ (ジニCosplayer) and Tiny Asa アサ (tiny.asababy)	2
Jiujiangbaby	2
叉烧hibiki	2
核酸酱 (Asai chan)	2
Aliceholic13	2
77bandage	2
YanYan (ヤンヤン)	2
一北亦北 (Yi bei yi bei)	2
小七 (Xiao Qi)	2
优米 (You Mi)	2
月色 (Yue Se)	2
KANEKO (咔喵)	2
Arty Huang (Arty亚缇) and KaYa Huang (萱)	2
九柒喵 (Jiuqi)	2
宮本桜 (sakuracyan)	2
仙仙桃 (Xian Xiantao)	2
Highsstn	2
Shikako Chitanda (千反田鹿子)	2
草莓味奈奈兔 (Strawberry992)	2
Nagomitei	2
白桃少女 (Baitaoshaonv)	2
古阿扎 (Gu a zha)	2
安食Ajiki	2
YeonYu (연유)	2
(夏) Xiaoyouzi1314	2
雪貓Yuki Neko (yukineko097)	2
星野柒兔 (Xingyeqitu)	2
村上西瓜 (CSXGHHH)	2
小恩 (Xiao En)	2
XingYan	2
White Sugar	2
Mark	2
莫啾w (Mo Jiu W)	2
Jang Joo (장주)	2
Hina (히나)	2
Choi Ji Yun	2
eloise软软	2
Riribonni	2
樱可 (Ying ke)	2
Candy (캔디)	2
可可小白兔 (Keke Xiao Bai tu)	2
SWEETBOX	2
Xiaoniaoxzh	2
啪喵少女 (Pa miao shaonu)	2
CherryS	2
Angel Chan	2
Misa米砂	2
恋恋艾妮 (aini99088889)	2
林书辞 (Lin shu ci)	2
Pulay (pulaylummy)	2
桃小沫沫酱 (Tao xao mo mo jiang)	2
快点亲亲我吖 (qinqinwoYa)	2
小幼齿喵 (yomilkki)	2
一米八的大梨子 (Yi mi ba de da lizi)	2
隼隼子 (Hayabusa junko)	2
安曜曜 (An Yao Yao)	2
王胖胖u (wu1wuaa)	2
小婕 (Xiao jie)	2
kumikomizk	2
阿半今天很开心 (A ban jintian hen kaixin)	2
艾西aiwest	2
PUSSYLET	2
Fantasy Story	2
Yukimi	2
九九八吖 (Jiujiuba ya)	2
豪歌 (Alice Haoge)	2
白桃露露 (Baitao lulu)	2
Kiminogeboku (わんこちゃん)	2
梨瑾瑾 (lijinjin520)	2
皮皮奶可可爱了啦 (Pippi is so cute)	2
抖娘利世 (lishi1999)	2
二阶堂 (2jietang)	2
Fansly – 钛合金TiTi	2
嫣嫣子 (yanyanziowo)	2
铭铭Kizami (mingming318)	2
[MISS TOUCH]	2
Michi Kyunn	2
BLUECAKE – Bambi (밤비)	2
洛美 (Luomei 226)	2
尤喵醒醒 (You miao xing xing)	2
BLUECAKE – Jeong Jenny (정제니)	2
Okada yui	2
Momoko葵葵	2
DJAWA Photo – Son Ye-Eun (손예은)	2
Tao nuan jiang (桃暖酱)	2
刺猬小姐 (Miss Hedgehog)	2
Xinnny98 (仙女月)	2
Beke Jacoba	2
MiMi Chan	2
[PUSSYLET]	2
Ely_eee(ElyEE子)	2
DJAWA Photo – Jeong Jenny (정제니)	2
Nya (伊喵君)	2
雪琪SAMA (xueqisama)	2
轩萧学姐 (Xansoon)	2
[Bimilstory] Nara (나라)	2
[Patreon] leeesovely (쏘블리)	2
是三不是世w-Sanshiya	2
小琪-Aki	2
KaYa Huang	2
XiaoYu	2
Arisa Chan	2
[Loozy] Son Ye	2
[Bimilstory] Bomi (보미)	2
[Loozy] Mozzi (모찌)	2
XIUREN	2
[SIDAM]	2
Bambi	2
Cheesewii (起司块)	2
Shiroi (Shiroi2412)	1
小月 (Xiao yue)	1
小空Sora (konkon6927)	1
白桃少女 (Hakuto Shojo)	1
Wink是可爱的wink (winkwin44566322) and 铁手叫兽 (Tie shou jiao shou)	1
核酸酱 (Miamiallla)	1
鹿初 (Shika-hatsu)	1
Raulchen0711	1
夏鸽鸽不想起床 (yorkie_www)	1
Momo (Momo5952)	1
阿呀被发现了Aya and 小和甜酒	1
Machi馬吉 and Komachi	1
星野咪兔 (Hoshino Mi Tu)	1
Sally Dorasnow	1
渡久山 (Yuk1e_93)	1
Chunmomo (蠢沫沫) and 桃良阿宅 (taoliangazhai)	1
波波豹 (Bo bo bao)	1
Kanojodori	1
吸血鬼映画 (Vampire)	1
Cheesewii (起司块wii)	1
小悠yo (xiaoyou)	1
奈汐酱nice 自撮り(niceoppi) and Yunx1x1 (云溪溪)	1
はむすけ (hamham_sk)	1
Rioko (凉凉子) and KANEKO (咔喵)	1
热 (Enthus1asmm)	1
Shika小鹿鹿	1
Joyce (Joyce Lin2x) copslay Raiden Shogun	1
恶龙刨削 (E long pao xue)	1
饼饼大王 (Bingbing Dawang)	1
Nekokoyoshi (爆机少女喵小吉) and 金鱼Kinngyo	1
Son Ye-Eun (손예은)	1
Yui Peachpie copslay Raiden Shogun	1
Neinei Pupu	1
Kojima Tsukumi	1
摄影师翎梵 (Sheying Shi Ling Fan)	1
你的老婆酥酥 (Baochaoxiaosu)	1
呆胶布 (Cutebubuo)	1
明纱悠子 (Akisa Yuko)	1
屿鱼Yukako	1
阿薰kaOri (axunkaOri) copslay Gouden Leeuw	1
走路摇 (Zoulu Yao)	1
沐沐酱 (Mumujiang)	1
兔胖胖 (Tu Pang Pang)	1
双木扶苏 (HayashiChuya)	1
韵韵 (Yun Yun)	1
琳琳子 (Lin Linzi)	1
紫啊紫 (yaoyao8417)	1
梨霜儿 (Li shuang er)	1
饼干姐姐 (Binggan Jiejie)	1
肉肉在干嘛 (rourouzaiganma)	1
筝 (Zheng)	1
果宝宝 (Guo baobao)	1
美月 HKxSYR	1
小千绪 (Xiao Qian Xu)	1
喵嗚少女  (Miao Wu Shojo)	1
小鹿酱 (Xiaolu jiang)	1
黑猫的窝 (Hei mao de wo)	1
学妹超乖 (xuemeimm)	1
嫣然 (yanranbaby69)	1
屿鱼 (Yu Yu)	1
Neko薇薇 (Mio_Ly)	1
疯猫ss	1
三無人型 (San Wuren Xing)	1
小桃酱 (Xiaotao jiang)	1
星十三 (xxshisan)	1
清水由乃 (shimizuyuno)	1
Uknown Cosplayer	1
Hironaka Minami	1
生駒ちゃん (Ikoma-chan)	1
Yura	1
软软酱 (RuanRuanouo)	1
Xuxu	1
呆米米 (Dai mi mi)	1
樱晚gigi	1
Rikka Ono (小野六花)	1
芋圆 (yuyuanyayaya)	1
Tsubaki Sannomiya	1
里琳 (Li Lin)	1
Yeha (예하) and Hina (히나)	1
Wang Yu Chun (王雨纯)	1
無毛猫 (Momocat)	1
桜满三时 (Ying Man San Shi)	1
林幼一 (Lin you yi) and 谭小灵 (Tanxiaoling)	1
Tsubaki	1
晓彤 (Xiao Tong)	1
Masukuchan	1
Kiriko	1
桥本香菜 (Qiaobenxiangcai)	1
小容仔咕咕咕w (rongrongzi) and Kumata	1
贞子蜜桃 (Zhen Zi Mi Tao)	1
Angel (妍妍) and 俄罗斯公主 (Eluosi Gongzhu)	1
星澜是澜澜叫澜妹呀 (Xinglan is Lanlan called Lanmei) and 晕崽Zz (yunzaizzz)	1
星澜是澜澜叫澜妹呀 (Xinglan is Lanlan called Lanmei) and Natsuko夏夏子	1
Yeon Woo (연우) and Sehee (세희)	1
ZinieQ (ジニCosplayer) and PingPing	1
leeesovely (쏘블리)	1
九曲jean and 二佐Nisa	1
捏捏小胖桃 (peatchkiss)	1
Suji (수지)	1
Linda and Ruru	1
Jiu Shi A Zhu A (就是阿朱啊)	1
サイちゃん (Sai-Chan)	1
七瀬 (Nanase)	1
悠悠米 (yoyomi0123)	1
高桥千凛 (Gao qiao qian lin)	1
露露咪 (Lu Lu Mi)	1
章鱼娘 (Zhangyu niang)	1
甜妮 (Tian Ni)	1
Lingyu69	1
Malrang (말랑)	1
小罐头 (dayuguantou)	1
Sehee (세희)	1
Meat Ji	1
Son Ye	1
潘思沁 (Pan Si Qin)	1
Cony	1
Namprikk	1
Hina (히나) and Sira (시라)	1
Cony (코니)	1
Ceason Photography	1
Lynn Mayumi	1
奶昔 (Nai Xi)	1
neko酱っ˘з (puppy_doll_88)	1
糖心vlog	1
Kumikomizk	1
Stacy	1
小缇娜 (Xiao Ti Na)	1
猫屋少女 (Maowu Shaonu)	1
Min Harin (민하린)	1
Hikari	1
奶依依 (Nai Yiyi)	1
Miao喵酱(MiaoMjiang) , 小简 (Xiao Jian) and 奶糊 (Nai Hu)	1
Jingzhutv	1
屑雪雪鸭 (Xie Xue Xue Ya)	1
雨儿酱eve	1
小和甜酒 (xiaohetianjiu) and 橙风千雅 (Cheng Feng Qianya)	1
Buly Kawaii	1
JYAS	1
Jisu A (안지수)	1
PingPing and ZinieQ (ジニCosplayer)	1
拖拉大王 (Tuola Dawang)	1
Baebae	1
Pettankochuu	1
潘娇娇 (Pan Jiao Jiao)	1
女仆大人 (Nupu Daren)	1
狐玖玖 (Hujiujiu)	1
诱桃 (youtaoni)	1
森萝财团 (Sen luo caituan)	1
旺仔桃叽 (Bbt8g8)	1
潘娇娇 (Pan Jiao Jiao) and 林幼 (Lin You)	1
笑笑有好运 (Xiao xiao you hao yun)	1
娜美丸 (Na mai wan)	1
李丽莎 (Lilisha) and 潘娇娇 (Pan Jiao Jiao)	1
Misa	1
广深虾酱 (Guang Shen Xia Jiang)	1
我是一只呀哈哈 (yahaha123321)	1
七七呀 (shiqiqiya77)	1
DOM黑宫 (uksong5200)	1
Jyu San	1
双马尾呆奈酱 (nainai04158732)	1
狍狍的日常鸭 (Pao Pao De Richang Ya)	1
Dami (퀸다미)	1
抱走兔兔 (tutubb)	1
可乐姐姐 (bulibuli1021)	1
Sira (시라)	1
Mimmi (밈미)	1
HENDOONG (혠둥이)	1
极品淫娃学妹 (Jipin yin wa xue mei)	1
明里つむき (Akesatotsu Muki)	1
Oichi	1
柚木yuzuki	1
ダーリン (Darin)	1
Mizu Mizu	1
見せつけ聖女 (Misetsuke seijo)	1
魔法秋秋 (Mofa qiu qiu)	1
JiJiaoLian	1
Mympet	1
鱼子酱Fish and 谭小灵 (Tanxiaoling)	1
柠檬小茶mio	1
Loveecho	1
Pandatvlm	1
魇恨恨 (Yan hen hen)	1
封疆疆v (Dolly48226855) copslay Raiden Shogun	1
Meehutao	1
Yuzukitty	1
Mime 弥美	1
Emma Chizuru	1
死体ちゃん (corpse	1
便利屋68 (Benri ya 68)	1
Qianchuan Yixiao (一笑芳香沁)	1
倦倦喵 (Juan juan miao)	1
广深雪莉 (Guang shenxue li)	1
Y M	1
素人渔夫 (Suren yufu)	1
糖糖不想起床 (Tang tang buxiang qichuang)	1
桥本有菜 (Qiao ben you cai)	1
ロリビッ (Rolibitch)	1
游歌 (You Ge)	1
Korean Realgraphic	1
愛莉 (Irisuare)	1
十里 (Shili)	1
Unknown Cosplayer 5	1
HAMSTERS	1
樱井奈奈 (Ying jing nainai)	1
赛高淋酱 (Sai gao lin jiang)	1
小余 (Xiao Yu)	1
金克丝 (wodexiaocaomei)	1
悠宝三岁 (You bao san sui)	1
Unknow Cosplayer 3	1
佐歌奈 (Sa Uta Na)	1
茶狸子 (Cha li zi)	1
一团墨染 (Yi tuan moran)	1
Byeol (별)	1
恩田直幸 (Onda Naoyuki)	1
软甜糯米糍 (awdydbb)	1
薫月企画 (Aiga Mizuki)	1
Natsume Tsunarin	1
ShaeUnderscore	1
Villain	1
Corrida	1
PuddingNice (プリンちゃん)	1
UMIZINE	1
Yudi (유디)	1
谭小灵 (Tanxiaoling)	1
追オナ (Tsui Ona)	1
莉犬酱 (Li quan jiang) and 钛合金TiTi	1
羽生三未 (Hanyu san hitsuji)	1
Unknow Cosplayer	1
波多野 (Hatano)	1
lMusicl (Mewjiic)	1
谭小灵 (Tanxiaoling) and 林幼一 (Lin you yi)	1
Jena (제나)	1
三无皮卡喵 (San wu pika miao)	1
Nash1Nomi	1
ANICOSINC	1
宫野莉萝 (Gong ye li luo)	1
Dou Ban Jiang (豆瓣酱)	1
PUSSY LET	1
Ely_eee (ElyEE子)	1
Glamarchive	1
陈柒柒 (Chen qiqi)	1
Mimmissu	1
莉莉丝 (Lili Si)	1
艾西aiwest and 仙九Airi	1
Chunmomo (蠢沫沫) and 浅安安 (Qiananan)	1
Rinaijiao – (日奈娇)	1
千舞樱洛 (Qian wu ying luo)	1
Tsunarin Kaihatsu	1
saiwari (saiwari_ph)	1
Banhee (반희)	1
Selti	1
Nazrin	1
Vina Silbee	1
抱走小蔡头 (Bao zou xiao cai tou)	1
うり Uri (analoguri)	1
Miyako Donburi (Rio Miyako)	1
軟妹搖搖樂 (YaoYaoQwQ)	1
熙涵 (xihan)	1
Nina Rei	1
Moon Night Snap	1
Gumiho	1
莉犬酱 (Li quan jiang)	1
小耳朵哇 (xiaoerduoj)	1
西呱呀呀呀 (murmure)	1
小齿优喵 (Xiao chi you miao)	1
Loozy	1
白笑笑 (Bai xiao xiao)	1
小玉 (Xiaoyu)	1
YouMi尤蜜荟	1
新ありな (Shin Ari Na)	1
雾枝姬 (Wu zhu ji)	1
DJAWA Photo – Aram-(아람)	1
Yunx1x1 (云溪溪) and 奶桃 (Nai tao)	1
Yang Yi (楊衣)	1
Cutie Factory	1
私人玩物 (Siren wanwu)	1
Paranhosu	1
Natsuko夏夏子 and 秋和柯基 (QIUandCorgi)	1
Lu Chu (露初)	1
BLUECAKE – Jamong (자몽)	1
Maria Desu	1
Okita Rinka (沖田凜花Rinka) , 鈴鈴Yakira and 鬼姬Oni Hime	1
Jocelyn	1
Meo Chan	1
Pyoncos (ピオン) and Kappan Pann (kappancos)	1
KiSiA	1
Asuna Bunny Chaser	1
BUNNY	1
Kirei	1
Itsch.y	1
アレピーチ (alepeach18)	1
Conboy	1
さちぶどう (Sachi Budou)	1
Bimilstory	1
ガチ洗脳ちゃん (Gachi senno-chan)	1
谢小蒽 (Xie Xiaoan) and 唐宁宁 (Tangningning)	1
My suite (あつき)	1
[Fantasy Story] Magarin (마가린)	1
w百合欧皇子w (Lilium725)	1
Mochidoll	1
艾西aiwest and 喜欢爱理吗 (Xihuan ai li ma)	1
[LIKEY]	1
Hiyukimos	1
Fafeght (海提)	1
清水由乃 (Qsyn0101) and 水淼aqua	1
[Mozzi] BJ Harin	1
塔塔_Lo1iTa	1
Fansly – Miao喵酱(MiaoMjiang)	1
Noi Oogami	1
[GlamARchive]	1
[Glamarchive]	1
黑川 (Hei chuan)	1
灵罗娃娃 (Ling luo wawa)	1
[LemonsodaVR] Rang Rang	1
曉美嫣 (Xiao mei yan)	1
小和甜酒 (xiaohetianjiu) and 阿呀	1
こすっち (Kosutchi)	1
奶思兔 (Naisitu)	1
[KIMLEMON]	1
亚马逊鲶鱼 (ymxny0919)	1
[Fantasy Story]	1
Yorkie_w	1
Fantasy Factory – 小丁 (Xiao Ding) and Okita Rinka (沖田凜花Rinka)	1
XiuRen秀人网 – 林星阑 (lxl 0711)	1
MeenFox	1
Fantasy Factory – Hachishaku-sama (小丁)	1
是青水 (Shi qingshui)	1
阳布布鸭 (YANGBUBUYAA)	1
小泽 (xiaoze2022)	1
Cospuri – Aina Mikami	1
Cospuri – Ria Kurumi	1
发条少女YoKi	1
[HuaYang花漾]	1
[YO	1
HashimotoArina17	1
Okita Rinka (沖田凜花Rinka) and Hachishaku	1
苏小柠 (Mayuziii)	1
永劫无间 (Qiuhe keji)	1
SAINT Photolife – Yuna (유나)	1
[Loozy] Daa (다아)	1
Sunny Vier	1
皮皮娘 (Pipiniang520)	1
Byoru (ビョル) 2B Cybuny	1
Ah Jiu (阿九)	1
桃沢安 (taoze2004)	1
秋和柯基 (QIUandCorgi) and Natsuko夏夏子	1
Eiraotis	1
XiuRen秀人网 – 利世 (Li shi)	1
黑川鹤子 (Hei chuan he zi)	1
玥儿玥er	1
石川澪 (ishikawamio)	1
巧克力小圆面包 (Qiaokeli xiao yuan mianbao)	1
Tsubaki Sannomiya (三宮つばき)	1
JJANG 짱 (Jjang Croix)	1
Nsw	1
萌白酱 (Mengbaijiangg)	1
Patreon – Kururin	1
趴趴 (Papa)	1
[Lilynah] LW052	1
NinJA阿寨寨 (NinJA_Azz)	1
Xia Xiao Qiu Qiu Qiu (夏小秋秋秋) and Yunx1x1 (云溪溪)	1
Mikan chan	1
懂小姐 (dongo jyousan)	1
地瓜小盆友 (Digua xiao pen you)	1
又骚又甜欲梦 (You sao you tian yu meng)	1
阿朱啊 (azhua)	1
prprDrop’s (Honami Shizuku)	1
Bambi (밤비)	1
HuaYang – Zhu Ke Er (朱可儿Flora)	1
小琪	1
奈汐酱nice 自撮り (niceoppi)	1
佑依 (Yu Yori)	1
晓美嫣 (Xiao mei yan)	1
无颜小天使wy (wuyanangel)	1
浅安安 (Qiananan)	1
Guaxichan (瓜希酱) and Momoko葵葵	1
俏妞qiaoniuTT (Sndmbaobao)	1
凛子酱 (Linzi0929)	1
瓦斯塔亚小龙虾 (withKaisa)	1
DJAWA Photo – HaNari (하나리)	1
末夜787 (Mo ye 787)	1
Yuuhui玉汇 2B Christmas Special	1
KaYa Huang (萱) Illustrious	1
[Espacia Korea]	1
Tokar (laurus0711)	1
Yo	1
奈汐酱nice (niceoppi)	1
[Jooa] Miley’s (AK	1
Sehee (세희) and Zia (지아)	1
摇摇乐yoyo (yaoyao23333)	1
제나 (June)	1
Sandu 69-(三度_69)	1
樱岛嗷 (Ying dao ao)	1
こも (Comonun)	1
名濑弥七 (Ming lai mi qi)	1
雪琪SAMA	1
猫九酱Sakura	1
妹抖青 (Mei dou qing)	1
[Loozy] Bomi (보미)	1
小鹿丢了 (xiaolubb)	1
Loozy] Sonson (손손) and Zia (지아)	1
樱井小莜 (zhuimingyou)	1
Pingping	1
[XINGYAN星颜社]	1
小律Ritsu	1
Silver	1
[MFStar模范学院]	1
Mafuyu Kagurazaka (神楽坂真冬)	1
特软儿Sona	1
Arika Ren	1
PINK RIBBON	1
抱走莫子aa	1
[Bimilstory] Zia (지아)	1
[Bimilstory] Dasol (다솔)	1
杏仁 (Xingren)	1
过期米线线喵 (Expired Rice Noodle Meow)	1
天夫人 (Buli Tian)	1
[Bimilstory] Siwon	1
Yebin	1
雲少女 (Kumo shojo)	1
Saya (sayathefox)	1
[Photochips]	1
咬一口兔娘ovo	1
面饼仙儿 (MBxer_cos)	1
Miko酱 (mikomikoww) and Fishy Fish	1
千寻 (Qian xun)	1
奶宝妹纸 (milkbabe0712)	1
Sunnyvier	1
Mozi	1
Sayako (さやこ)	1
Biya (フィギュア予約中)	1
Dou Niang x Li Shi	1
[Patreon] – Yuna (유나)	1
爱老师_PhD	1
[Moon Night Snap] Yunjin	1
卜呦 舰长 恶毒 (Bu Yo)	1
花柒Hana	1
Luisa_零纱纱	1
Yunx1x1 (云溪溪) , 胡桃猫Kurumineko and 轩萧学姐 (Xansoon)	1
Bai Shen Yang (白神泱)	1
Cherry Neko (桜桃喵) and KimemeOwO (木绵绵OwO)	1
JAWA Photo	1
刺青poi	1
Nya (伊喵君) and Jing (景)	1
[Moon Night Snap] Jucy (쥬시)	1
Hina Jiao (日奈娇)	1
[Loozy] Sonson (손손)	1
[SIDAM] Shaany (샤니)	1
Wuying Meowmeow (无影喵喵)	1
Akariia	1
DJAWA Photo – Mimmi (밈미)	1
[NWORKS]	1
[Loozy] Bambi (밤비)	1
Tao Liang	1
BLUECAKE – Sohee	1
Dona Loli	1
KisaragiAsh	1
柘烟Zuken	1
Tuwanyinghua (兔玩映画)	1
BLUECAKE – Nono	1
Steam Girl Chunmomo	1
ManU (鳗鱼霏儿)	1
[Paranhosu]	1
[Bimilstory] Yuka (유카)	1
DJAWA Photo – Zzyuri (쮸리)	1
Mona and Jucy	1
美七Mia	1
Messie Huang	1
Nai Ye Wu (乃夜舞)	1
(Saint Photolife) Yuna’s	1
elyee子	1
Five Ghosts (五更百鬼)	1
Sonson	1
Xiao Meiyan (真真子)	1
Jenny	1
Fragrant Qin (笑芳香沁)	1
Sakurai Ningning (桜井宁宁)	1
PEEKCLOUD] Bomi x Yuka	1
HuaYang	1
DJAWA Photo – Aram (아람)	1
Momoko	1
Money冷冷	1
[XiaoYu]	1
Yummhiyow	1
Azuki	1
Kokuhui	1
LoliSAMA	1
Aninnyan	1
LoLiSAMA	1
Rioko	1
MMMenmentan	1
Inkyung	1
WenwenKira	1
Okita Rinka	1
Jeong Jenny	1
Bomi	1
Jiuqujean	1
Byoru (ビョル) and Naoki	1
Joyce	1
Neyrodesu	1
Arty Huang and Kaya Huang	1
