Cosplay Nude	2900	https://cosplaytele.com/category/cosplay-nude/
Cosplay Free Style	2684	https://cosplaytele.com/category/free-style/
Cosplay Ero	2655	https://cosplaytele.com/category/cosplay-ero/
Cosplay Game	1947	https://cosplaytele.com/category/game/
Video Cosplay	1303	https://cosplaytele.com/category/video-cosplayy/
Cosplay Anime/Manga	1004	https://cosplaytele.com/category/anime/
Cosplay Genshin Impact	522	https://cosplaytele.com/category/genshin-impact/
Cosplay Azur Lane	232	https://cosplaytele.com/category/azur-lane/
Byoru (ビョル)	222	https://cosplaytele.com/category/byoru/
Cosplay Fate/Grand Order	184	https://cosplaytele.com/category/fate-grand-order/
咬一口兔娘ovo (Yaokoututu)	177	https://cosplaytele.com/category/sticky-bunny/
水淼Aqua	147	https://cosplaytele.com/category/aqua/
AI Art	131	https://cosplaytele.com/category/ai-art/
Unknown Cosplayer	123	https://cosplaytele.com/category/unknown-cosplayer/
Rinaijiao-(日奈娇)	116	https://cosplaytele.com/category/rinaijiao/
XiuRen秀人网	97	https://cosplaytele.com/category/xiuren/
Arty Huang (Arty亚缇)	94	https://cosplaytele.com/category/artyhuang/
ZinieQ (ジニCosplayer)	88	https://cosplaytele.com/category/zinieq/
Umeko J	87	https://cosplaytele.com/category/umeko-j/
Chunmomo (蠢沫沫)	82	https://cosplaytele.com/category/chunmomo/
九言 (Jiu Yan)	82	https://cosplaytele.com/category/jiu-yan/
Nekokoyoshi (爆机少女喵小吉)	77	https://cosplaytele.com/category/nekokoyoshi/
Okita Rinka (沖田凜花Rinka)	73	https://cosplaytele.com/category/okita-rinka/
Cosplay	70	https://cosplaytele.com/category/cosplay/
Hoshilily (星之迟迟)	66	https://cosplaytele.com/category/hoshilily/
PoppaChan	63	https://cosplaytele.com/category/poppachan/
小丁 (Xiao Ding)	62	https://cosplaytele.com/category/xiao-ding/
Sayo Momo	61	https://cosplaytele.com/category/sayo-momo/
Tiny Asa アサ (tiny.asababy)	61	https://cosplaytele.com/category/tiny-asababy/
Yuuhui玉汇 (Kokuhui)	59	https://cosplaytele.com/category/yuuhui/
Joyce (Joyce Lin2x)	57	https://cosplaytele.com/category/joyce/
Tokar 浵卡 (laurus0711)	57	https://cosplaytele.com/category/tokar/
铃木美咲 (Misaki Suzuki)	54	https://cosplaytele.com/category/misaki-suzuki/
Nagisa (魔物喵)	52	https://cosplaytele.com/category/nagisa/
Sakurai Ningning-(桜井宁宁)	47	https://cosplaytele.com/category/sakurai-ningning/
KaYa Huang (萱)	46	https://cosplaytele.com/category/kaya-huang/
Xidaidai (喜呆呆)	46	https://cosplaytele.com/category/xidaidai/
年年Nnian	46	https://cosplaytele.com/category/nnian/
鹿八岁baby (baby-LuLu)	46	https://cosplaytele.com/category/baby-lulu/
Only Video	40	https://cosplaytele.com/category/only-video/
鱼子酱Fish	40	https://cosplaytele.com/category/fish/
Pyoncos (ピオン)	39	https://cosplaytele.com/category/pyoncos/
Meenfox	38	https://cosplaytele.com/category/meenfox/
Rioko (凉凉子)	38	https://cosplaytele.com/category/rioko/
Natsuko夏夏子	37	https://cosplaytele.com/category/natsuko/
Inkyung (강인경)	36	https://cosplaytele.com/category/inkyung/
钛合金TiTi	36	https://cosplaytele.com/category/titi/
Kyokoyaki	34	https://cosplaytele.com/category/kyokoyaki/
Zia (지아)	33	https://cosplaytele.com/category/zia/
DJAWA Photo	32	https://cosplaytele.com/category/djawa-photo/
布丁大法 (Pudding Dafa)	32	https://cosplaytele.com/category/pudding-dafa/
Fantasy Factory	31	https://cosplaytele.com/category/fantasy-factory/
PingPing	31	https://cosplaytele.com/category/pingping/
Puypuy プィプィ (Puypuychan)	31	https://cosplaytele.com/category/puypuychan/
Azami	30	https://cosplaytele.com/category/azami/
Chengzimiaoj (橙子喵酱)	30	https://cosplaytele.com/category/chengzimiaoj/
りんごみつき(ringo_mitsuki)	29	https://cosplaytele.com/category/ringo_mitsuki/
金鱼kinngyo	29	https://cosplaytele.com/category/kinngyo/
Bangni邦尼	28	https://cosplaytele.com/category/bangni/
BLUECAKE	27	https://cosplaytele.com/category/bluecake/
Yamisung	27	https://cosplaytele.com/category/yamisung/
桃良阿宅 (taoliangazhai)	27	https://cosplaytele.com/category/taoliangazhai/
阿薰kaOri (axunkaOri)	27	https://cosplaytele.com/category/axunkaorii/
Ayame Base	26	https://cosplaytele.com/category/ayame-base/
落落Raku (rakuraku166)	25	https://cosplaytele.com/category/rakuraku166/
Hokunaimeko	24	https://cosplaytele.com/category/hokunaimeko/
少女映画 (Shojo eiga)	24	https://cosplaytele.com/category/shojo-eiga/
洛璃LoLiSAMA	24	https://cosplaytele.com/category/lolisama/
Minichu	23	https://cosplaytele.com/category/minichu/
Abaoyeshitunia1 (阿包也是兔娘)	22	https://cosplaytele.com/category/abaoyeshitunia1/
Machi馬吉	22	https://cosplaytele.com/category/machi/
Pure Media	22	https://cosplaytele.com/category/pure-media/
Son Ye-Eun (손예은)	22	https://cosplaytele.com/category/son-ye-eun/
Nyako (喵子)	21	https://cosplaytele.com/category/nyako/
Sandu 69 - (三度_69)	21	https://cosplaytele.com/category/sandu-69/
胡桃猫Kurumineko	21	https://cosplaytele.com/category/kurumineko/
Neppu (ネップ)	20	https://cosplaytele.com/category/neppu/
晕崽Zz (yunzaizzz)	20	https://cosplaytele.com/category/zz/
Asagiriai (愛ちゃん)	19	https://cosplaytele.com/category/asagiriai/
Cherry Neko (桜桃喵)	19	https://cosplaytele.com/category/cherry-neko/
Yeha (예하)	19	https://cosplaytele.com/category/yeha/
奈汐酱nice 自撮り(niceoppi)	19	https://cosplaytele.com/category/niceoppi/
小瑶幺幺 (xiaoyaoyaoyao12)	19	https://cosplaytele.com/category/xiaoyaoyaoyao12/
Quan冉有点饿	18	https://cosplaytele.com/category/quan/
Taonuan222 (桃暖酱)	18	https://cosplaytele.com/category/tao-nuan-jiang/
Tsubaki	18	https://cosplaytele.com/category/tsubaki/
Xia Xiao Qiu Qiu Qiu (夏小秋秋秋)	18	https://cosplaytele.com/category/xia-xiao-qiu-qiu-qiu/
Hana Bunny	17	https://cosplaytele.com/category/hana-bunny/
lMusicl	17	https://cosplaytele.com/category/lmusicl/
Meeu (蜜汁猫裘)	17	https://cosplaytele.com/category/meeu/
小和甜酒 (xiaohetianjiu)	17	https://cosplaytele.com/category/xiaohetianjiu/
您的蛋蛋 (ddanlikeu)	17	https://cosplaytele.com/category/ddanlikeu/
ChuChu Magic	16	https://cosplaytele.com/category/chuchu-magic/
DreamlikeUwU	16	https://cosplaytele.com/category/dreamlike/
Messie Huang写真	16	https://cosplaytele.com/category/messie-huang/
星澜是澜澜叫澜妹呀 (Xinglan is Lanlan called Lanmei)	16	https://cosplaytele.com/category/xinglan-is-lanlan-called-lanmei/
Azure Channn	15	https://cosplaytele.com/category/azure-channn/
eliza喵喵 - (elizamiaomiao72)	15	https://cosplaytele.com/category/elizamiaomiao72/
Hot Cosplayer	15	https://cosplaytele.com/category/https-cosplaytele-com-page_id23/
絞肉姬 Walkure	15	https://cosplaytele.com/category/walkure/
Inah (이나)	14	https://cosplaytele.com/category/inah/
Kokurachiyo (小仓千代w)	14	https://cosplaytele.com/category/kokurachiyo/
Okada Yui	14	https://cosplaytele.com/category/okada-yui/
Ria Kurumi	14	https://cosplaytele.com/category/riakurumi/
二阶堂 (Er jie tang)	14	https://cosplaytele.com/category/er-jie-tang/
向日君 (Hinata2000)	14	https://cosplaytele.com/category/hinata2000/
深夜企划 (shenyeqihua)	14	https://cosplaytele.com/category/shenyeqihua-2/
Aram (아람)	13	https://cosplaytele.com/category/aram/
DemiFairyTW	13	https://cosplaytele.com/category/demifairytw/
Hina (히나)	13	https://cosplaytele.com/category/hina/
Miinmeow	13	https://cosplaytele.com/category/miinmeow/
Yunx1x1 (云溪溪)	13	https://cosplaytele.com/category/yunx1x1/
柒柒要乖哦 (Qiqi yao guai o)	13	https://cosplaytele.com/category/qiqi-yao-guai-o/
Blacqkl (白莉爱吃巧克力)	12	https://cosplaytele.com/category/blacqkl/
Qiyuemiaozi (七月喵子)	12	https://cosplaytele.com/category/qiyuemiaozi/
你的小狗 (PuppyPorn090)	12	https://cosplaytele.com/category/puppyporn090/
小欣奈 (lovewxnn)	12	https://cosplaytele.com/category/lovewxnn/
小青茗 (QingmingJiang)	12	https://cosplaytele.com/category/qingmingjiang/
小鸟酱 (kotori950422)	12	https://cosplaytele.com/category/kotori950422/
萌白酱 (yikouyoutao)	12	https://cosplaytele.com/category/mengbaijiangg/
Guaxichan (瓜希酱)	11	https://cosplaytele.com/category/guaxichan/
Rikachan	11	https://cosplaytele.com/category/rikachan/
Yeon Woo (연우)	11	https://cosplaytele.com/category/yeon-woo/
きょう肉肉 (nikumikyo)	11	https://cosplaytele.com/category/nikumikyo/
不呆猫 (budaidaimao)	11	https://cosplaytele.com/category/budaidaimao/
九曲jean	11	https://cosplaytele.com/category/jean/
懒懒睡不醒 (LanLanWink)	11	https://cosplaytele.com/category/lanlanwink/
清水由乃 (Qsyn0101)	11	https://cosplaytele.com/category/qsyn0101/
蜜蜜子Kimmie	11	https://cosplaytele.com/category/kimmie/
雪晴Astra (雪晴嘟嘟)	11	https://cosplaytele.com/category/astra/
霜月shimo	11	https://cosplaytele.com/category/shimo/
サイちゃん (Sai-Chan)	10	https://cosplaytele.com/category/saizneko1710/
秋和柯基 (QIUandCorgi)	10	https://cosplaytele.com/category/qiuandcorgi/
软萌兔兔酱 (SweetRabbit233)	10	https://cosplaytele.com/category/sweetrabbit233/
鹿初 (Shika-hatsu)	10	https://cosplaytele.com/category/shika-hatsu/
Asagi Kawaii	9	https://cosplaytele.com/category/asagi-kawaii/
CatDemon喵崽	9	https://cosplaytele.com/category/catdemon/
Espacia Korea	9	https://cosplaytele.com/category/espacia-korea/
Hiino雪月 (hiino_cosplay)	9	https://cosplaytele.com/category/yuki-hiino/
HongKongDoll	9	https://cosplaytele.com/category/hongkongdoll/
Ino	9	https://cosplaytele.com/category/inocos/
Miko酱 (mikomikoww)	9	https://cosplaytele.com/category/mikomikoww/
Mona (모나)	9	https://cosplaytele.com/category/mona/
Remukira レム	9	https://cosplaytele.com/category/remukira/
SleeppyLee1 (小礼好困)	9	https://cosplaytele.com/category/sleeppylee1/
Yeri	9	https://cosplaytele.com/category/yeri/
一只肉酱阿 (roujiangdajiba)	9	https://cosplaytele.com/category/roujiangdajiba/
六味帝皇酱 (YourDrug88)	9	https://cosplaytele.com/category/yourdrug88/
小野猫 (kiki)	9	https://cosplaytele.com/category/kiki/
抱走莫子aa (mozi0228)	9	https://cosplaytele.com/category/aa/
桜满三时 (AraneaSakura)	9	https://cosplaytele.com/category/araneasakura/
白日梦 (Cncmeng8)	9	https://cosplaytele.com/category/cncmeng8/
阿雪雪 (axuexue yuki)	9	https://cosplaytele.com/category/axuexue-yuki/
Banbanko (半半子)	8	https://cosplaytele.com/category/banbanko/
Hachi 小芭	8	https://cosplaytele.com/category/hachi/
Jia (지아)	8	https://cosplaytele.com/category/jia/
Neko-chan	8	https://cosplaytele.com/category/neko-chan/
Qianchuan Yixiao (笑芳香沁)	8	https://cosplaytele.com/category/qianchuan-yixiao/
Shaany (샤니)	8	https://cosplaytele.com/category/shaany/
ShenzeYongli (神沢永莉)	8	https://cosplaytele.com/category/shenzeyongli/
Zhou Yuxi (周于希Sally)	8	https://cosplaytele.com/category/zhou-yuxi/
利世 (Li shi)	8	https://cosplaytele.com/category/li-shi-2/
封疆疆v (Dolly48226855)	8	https://cosplaytele.com/category/dolly48226855/
木之本澜 (Muzhiben lan)	8	https://cosplaytele.com/category/muzhiben-lan/
Bambi (밤비)	7	https://cosplaytele.com/category/bambi/
G44不会受伤	7	https://cosplaytele.com/category/g44/
HimeTsu	7	https://cosplaytele.com/category/himetsu/
Jelly (젤리)	7	https://cosplaytele.com/category/jelly/
Jeong Jenny (정제니)	7	https://cosplaytele.com/category/jeong-jenny/
Saika (河北彩花)	7	https://cosplaytele.com/category/saika/
Sia (시아)	7	https://cosplaytele.com/category/sia/
Wanco chan	7	https://cosplaytele.com/category/wanco-chan/
二佐Nisa	7	https://cosplaytele.com/category/nisa/
可可老师 (ARIZATUS1)	7	https://cosplaytele.com/category/arizatus1/
是三不是世w (Sanshiya)	7	https://cosplaytele.com/category/sanshiya/
有喵酱 (Nyako__erina)	7	https://cosplaytele.com/category/nyako-erina/
柚木 (Youmu)	7	https://cosplaytele.com/category/youmu/
筱田甜 (xiaotiantian617)	7	https://cosplaytele.com/category/xiaotiantian617/
职业奶妈三水子 (Zhiye naima san shui zi)	7	https://cosplaytele.com/category/zhiye-naima-san-shui-zi/
香草少女m (girlyoyobbb)	7	https://cosplaytele.com/category/girlyoyobbb/
Ain Nguyen	6	https://cosplaytele.com/category/ain-nguyen/
Bomi (보미)	6	https://cosplaytele.com/category/bomi/
HaNari (하나리)	6	https://cosplaytele.com/category/hanari/
Heejae	6	https://cosplaytele.com/category/heejae/
Jucy (쥬시)	6	https://cosplaytele.com/category/jucy/
Sameki	6	https://cosplaytele.com/category/sameki/
Wenwenkira (雯妹不讲道理)	6	https://cosplaytele.com/category/wenwenkira/
Yuna (유나)	6	https://cosplaytele.com/category/yuna-2/
七七娜娜子 (Qiqi Nanako)	6	https://cosplaytele.com/category/qiqi-nanako/
工口糯米姬 (Momo19991215)	6	https://cosplaytele.com/category/momo19991215/
桃谷若姬子 (Taogu ruo ji zi)	6	https://cosplaytele.com/category/taogu-ruo-ji-zi/
楊衣Yangyi	6	https://cosplaytele.com/category/yangyi/
白袜袜 (taopaipu)	6	https://cosplaytele.com/category/bai-wa-wa/
白銀81 (81silver811) 	6	https://cosplaytele.com/category/81silver811/
米胡桃MeeHutao (MeeHuTao69)	6	https://cosplaytele.com/category/meehutao69/
谭小灵 (Tanxiaoling)	6	https://cosplaytele.com/category/tanxiaoling/
陈小花 (Chen Xiaohua)	6	https://cosplaytele.com/category/chen-xiaohua/
麻花麻花酱 (Mahua Mahuajiang)	6	https://cosplaytele.com/category/mahua-mahuajiang/
AT鲨 (ATshayu)	5	https://cosplaytele.com/category/atshayu/
Candy (캔디)	5	https://cosplaytele.com/category/candy/
Chono Black	5	https://cosplaytele.com/category/chono-black/
Hachishaku-sama (小丁)	5	https://cosplaytele.com/category/hachishaku-sama/
Hikari	5	https://cosplaytele.com/category/hikari/
Itchika Red-Beryl	5	https://cosplaytele.com/category/itchika-red-beryl/
Last Night 787 (末夜787)	5	https://cosplaytele.com/category/last-night-787/
Laura阿姣	5	https://cosplaytele.com/category/laura/
Mafuyu Kagurazaka (神楽坂真冬)	5	https://cosplaytele.com/category/mafuyu-kagurazaka/
Masked Shojo	5	https://cosplaytele.com/category/masked-shojo/
Minami	5	https://cosplaytele.com/category/minami/
Nookkizz (NookkizzCos)	5	https://cosplaytele.com/category/nookkizz/
Pi-Cos	5	https://cosplaytele.com/category/pi-cos/
Rissoft 前羽	5	https://cosplaytele.com/category/rissoft/
Sonson (손손)	5	https://cosplaytele.com/category/sonson/
SoU (소유)	5	https://cosplaytele.com/category/sou/
Tina很妖孽呀	5	https://cosplaytele.com/category/tina/
Wink是可爱的wink (winkwin44566322)	5	https://cosplaytele.com/category/winkwin44566322/
Yebin (전예빈)	5	https://cosplaytele.com/category/yebin/
小容仔咕咕咕w (rongrongzi)	5	https://cosplaytele.com/category/rongrongzi/
小蔡头喵喵喵 (yuziqoq)	5	https://cosplaytele.com/category/yuziqoq/
少女映畫 (aileijiang996)	5	https://cosplaytele.com/category/aileijiang996/
柒柒不可爱 (QiQi is not cute)	5	https://cosplaytele.com/category/qiqi-is-not-cute/
谢小蒽 (Xie Xiaoan)	5	https://cosplaytele.com/category/xie-xiaoan/
Ayaka	4	https://cosplaytele.com/category/ayaka/
Banhee (반희)	4	https://cosplaytele.com/category/banhee/
Clockwork Girl (迷之呆梨)	4	https://cosplaytele.com/category/clockwork-girl/
Dami (퀸다미)	4	https://cosplaytele.com/category/dami/
Ely_eee(ElyEE子)	4	https://cosplaytele.com/category/elyeee/
Eve	4	https://cosplaytele.com/category/eve/
Hatori Sama	4	https://cosplaytele.com/category/hatori-sama/
Heroine K (女主K)	4	https://cosplaytele.com/category/heroine-k/
Hualing (花铃)	4	https://cosplaytele.com/category/hualing/
imOlive (olive_emmm)	4	https://cosplaytele.com/category/imolive/
Jamong (자몽)	4	https://cosplaytele.com/category/jamong/
Kururin	4	https://cosplaytele.com/category/kururin/
Lovely Space Kitten	4	https://cosplaytele.com/category/lovely-space-kitten/
Momoko葵葵	4	https://cosplaytele.com/category/momoko/
Money冷冷 (Money04456598)	4	https://cosplaytele.com/category/money/
Mozzi (모찌)	4	https://cosplaytele.com/category/mozzi/
Rinaリナ (RinaCosplay)	4	https://cosplaytele.com/category/rinacosplay/
YeonHwa	4	https://cosplaytele.com/category/yeonhwa/
YeonYu (연유)	4	https://cosplaytele.com/category/yeonyu/
Zhu Ke Er (朱可儿Flora)	4	https://cosplaytele.com/category/zhu-ke-er/
一只云烧 (BuckyClouds)	4	https://cosplaytele.com/category/buckyclouds/
少女秩序 (Shojo chitsujo)	4	https://cosplaytele.com/category/shojo-chitsujo/
幼幼 (You you)	4	https://cosplaytele.com/category/you-you/
是一只熊仔吗 (Shi yi zhixiong zi ma)	4	https://cosplaytele.com/category/shi-yi-zhixiong-zi-ma/
杏子Yada	4	https://cosplaytele.com/category/yada/
杪夏Babydoll	4	https://cosplaytele.com/category/babydoll/
模特合集 (Mote heji)	4	https://cosplaytele.com/category/mote-heji/
樱落酱w (Sakura_FF)	4	https://cosplaytele.com/category/sakura_ff/
焖焖碳 (MMMenmentan)	4	https://cosplaytele.com/category/mmmenmentan/
白烨 (niyeye0316)	4	https://cosplaytele.com/category/niyeye0316/
紧急企划 (Junji qihua)	4	https://cosplaytele.com/category/junji-qihua/
艶兎 (tsuyato)	4	https://cosplaytele.com/category/tsuyato/
艾西aiwest	4	https://cosplaytele.com/category/aiwest/
莱可Raika (Raikajiang)	4	https://cosplaytele.com/category/raikajiang/
虎森森 (Hu Sensen)	4	https://cosplaytele.com/category/hu-sensen/
鹿野希 (Kano Nozomi)	4	https://cosplaytele.com/category/kano-nozomi/
黄金二逼王 (Huangjin er bi wang)	4	https://cosplaytele.com/category/huangjin-er-bi-wang/
AikoUwU	3	https://cosplaytele.com/category/aikouwu/
Atsuki滑稽姐	3	https://cosplaytele.com/category/atsuki/
Cheesewii (起司块wii)	3	https://cosplaytele.com/category/cheesewii/
Cony	3	https://cosplaytele.com/category/cony/
Dame (담)	3	https://cosplaytele.com/category/dame/
Dohee (도희)	3	https://cosplaytele.com/category/dohee/
Dou Ban Jiang (豆瓣酱)	3	https://cosplaytele.com/category/dou-ban-jiang/
Ely Cosplay	3	https://cosplaytele.com/category/ely-cosplay/
Jiu Shi A Zhu A (就是阿朱啊)	3	https://cosplaytele.com/category/jiu-shi-a-zhu-a/
Kitkat Cosplay (kitkatcosplay9)	3	https://cosplaytele.com/category/kitkat-cosplay-9/
kumikomizk	3	https://cosplaytele.com/category/kumikomizk/
leeesovely (쏘블리)	3	https://cosplaytele.com/category/leeesovely/
Lu Xuan Xuan (陆萱萱)	3	https://cosplaytele.com/category/lu-xuan-xuan/
Malrang (말랑)	3	https://cosplaytele.com/category/malrang/
Mercury Nguyen (disleft)	3	https://cosplaytele.com/category/mercury/
Mina (민아)	3	https://cosplaytele.com/category/mina/
Mizu	3	https://cosplaytele.com/category/mizu/
Nagomi	3	https://cosplaytele.com/category/nagomi/
Nara (나라)	3	https://cosplaytele.com/category/nara/
Nya (伊喵君)	3	https://cosplaytele.com/category/nya/
Paruru2xc (香草喵露露)	3	https://cosplaytele.com/category/paruru2xc/
Raon	3	https://cosplaytele.com/category/raon/
Romi (로미)	3	https://cosplaytele.com/category/romi/
rua阮阮	3	https://cosplaytele.com/category/rua-2/
Sehee (세희)	3	https://cosplaytele.com/category/sehee/
Senya Miku	3	https://cosplaytele.com/category/senya-miku/
Sira (시라)	3	https://cosplaytele.com/category/sira/
Siwon	3	https://cosplaytele.com/category/siwon/
Taeri	3	https://cosplaytele.com/category/taeri/
Wang Yu Chun (王雨纯)	3	https://cosplaytele.com/category/wang-yu-chun/
Wang Zhizi (汪知子)	3	https://cosplaytele.com/category/wang-zhizi/
Wuyo (우요)	3	https://cosplaytele.com/category/wuyo/
Yuka (유카)	3	https://cosplaytele.com/category/yuka/
咬一口小奈樱 (Yao yikou xiao nai ying)	3	https://cosplaytele.com/category/yao-yikou-xiao-nai-ying/
夏树 (xiashu88)	3	https://cosplaytele.com/category/xiashu88/
小琪-Aki	3	https://cosplaytele.com/category/aki/
恶犬 (E quan)	3	https://cosplaytele.com/category/e-quan/
是小逗逗 (Shi xiao dou dou)	3	https://cosplaytele.com/category/shi-xiao-dou-dou/
晓晓可可爱 (xiaoxiaocute5)	3	https://cosplaytele.com/category/xiaoxiaocute5/
曉美媽 (Xiao mei ma)	3	https://cosplaytele.com/category/xiao-mei-ma/
木之本果 (Muzhiben guo)	3	https://cosplaytele.com/category/muzhiben-guo/
杏仁曲奇 (Mali luo si)	3	https://cosplaytele.com/category/mali-luo-si/
樱狸子 (Ying li zi)	3	https://cosplaytele.com/category/ying-li-zi/
江真真 (Makoto Jiang)	3	https://cosplaytele.com/category/makoto-jiang/
流年不停 (Liunian bu ting)	3	https://cosplaytele.com/category/liunian-bu-ting/
潘娇娇 (Pan Jiao Jiao)	3	https://cosplaytele.com/category/pan-jiao-jiao/
狍崽子 (Naixiloli)	3	https://cosplaytele.com/category/naixiloli/
玥儿玥er	3	https://cosplaytele.com/category/er/
白栎Shirly (BailiKoi)	3	https://cosplaytele.com/category/shirly/
白桃少女 (Hakuto shojo)	3	https://cosplaytele.com/category/hakuto-shojo/
皮皮奶可可爱了啦 (PPN130f)	3	https://cosplaytele.com/category/ppn130f/
脸红Dearie (youmeibaobei)	3	https://cosplaytele.com/category/youmeibaobei/
茶籽ccz	3	https://cosplaytele.com/category/ccz/
萌芽儿o0 (myeo0)	3	https://cosplaytele.com/category/myeo/
西园寺南歌 (Megumi Nange)	3	https://cosplaytele.com/category/megumi-nange/
西瓜少女 (Xigua shaonu)	3	https://cosplaytele.com/category/xigua-shaonu/
轩萧学姐 (Xansoon)	3	https://cosplaytele.com/category/xansoon/
雪琪SAMA (xueqisama)	3	https://cosplaytele.com/category/sama/
Angel Chan	2	https://cosplaytele.com/category/angel-chan/
Arisa Chan	2	https://cosplaytele.com/category/arisa-chan/
Burin	2	https://cosplaytele.com/category/burin/
Carol周妍希	2	https://cosplaytele.com/category/carol/
Daji_Toxic (妲己_Toxic)	2	https://cosplaytele.com/category/daji-toxic/
eloise软软	2	https://cosplaytele.com/category/eloise/
Eunha (은하)	2	https://cosplaytele.com/category/eunha/
HanSom (한솜)	2	https://cosplaytele.com/category/hansom/
Jang Joo (장주)	2	https://cosplaytele.com/category/janed_404/
Kiminogeboku (わんこちゃん)	2	https://cosplaytele.com/category/kiminogeboku/
Leesnoww	2	https://cosplaytele.com/category/leesnoww/
Liu Yu Er (刘钰儿)	2	https://cosplaytele.com/category/liu-yu-er/
Lovey (러비)	2	https://cosplaytele.com/category/lovey/
Miao喵酱(MiaoMjiang)	2	https://cosplaytele.com/category/miaomjiang/
Michi Kyunn	2	https://cosplaytele.com/category/michi-kyunn/
MiMi Chan	2	https://cosplaytele.com/category/mimi-chan/
Other	2	https://cosplaytele.com/category/other/
Pulay (pulaylummy)	2	https://cosplaytele.com/category/pulay/
Riha (리하)	2	https://cosplaytele.com/category/riha/
Rima (新井リマ)	2	https://cosplaytele.com/category/rima/
Riribonni	2	https://cosplaytele.com/category/riribonni/
Seoyool (서율)	2	https://cosplaytele.com/category/seoyool/
Shikako Chitanda (千反田鹿子)	2	https://cosplaytele.com/category/shikako-chitanda/
SOMI (소미)	2	https://cosplaytele.com/category/somi/
Suki	2	https://cosplaytele.com/category/suki/
Sunny Vier	2	https://cosplaytele.com/category/sunnyvier/
Tsubaki Sannomiya (三宮つばき)	2	https://cosplaytele.com/category/tsubaki-sannomiya/
Uhye (이유혜)	2	https://cosplaytele.com/category/uhye/
Ula (绮里嘉)	2	https://cosplaytele.com/category/ula/
White Sugar	2	https://cosplaytele.com/category/white-sugar/
WOO U	2	https://cosplaytele.com/category/woo-u/
Xinnny98 (仙女月)	2	https://cosplaytele.com/category/xinnny98/
Yua Airi	2	https://cosplaytele.com/category/yua-airi/
Yukimi	2	https://cosplaytele.com/category/yukimi/
Yunjin	2	https://cosplaytele.com/category/yunjin/
ZANAPAM	2	https://cosplaytele.com/category/zanapam/
Zhang Si Yun (张思允Nice)	2	https://cosplaytele.com/category/zhang-si-y/
一北亦北 (Yi bei yi bei)	2	https://cosplaytele.com/category/yi-bei-yi-bei/
一米八的大梨子 (Yi mi ba de da lizi)	2	https://cosplaytele.com/category/yi-mi-ba-de-da-lizi/
九九八吖 (Jiujiuba ya)	2	https://cosplaytele.com/category/jiujiuba-ya/
仙仙桃 (Xian Xiantao)	2	https://cosplaytele.com/category/xian-xiantao/
刺猬小姐 (Miss Hedgehog)	2	https://cosplaytele.com/category/miss-hedgehog/
古阿扎 (Gu a zha)	2	https://cosplaytele.com/category/gu-a-zha/
可可小白兔 (Keke Xiao Bai tu)	2	https://cosplaytele.com/category/keke-xiao-bai-tu/
唐宁宁 (Tangningning)	2	https://cosplaytele.com/category/tangningning/
啪喵少女 (Pa miao shaonu)	2	https://cosplaytele.com/category/pa-miao-shaonu/
媛媛酱belle	2	https://cosplaytele.com/category/belle/
嫣嫣子 (yanyanziowo)	2	https://cosplaytele.com/category/yanyanziowo/
安曜曜 (An Yao Yao)	2	https://cosplaytele.com/category/an-yao-yao/
宮本桜 (sakuracyan)	2	https://cosplaytele.com/category/sakuracyan/
小七 (Xiao Qi)	2	https://cosplaytele.com/category/xiao-qi/
小婕 (Xiao jie)	2	https://cosplaytele.com/category/xiao-jie/
小幼齿喵 (yomilkki)	2	https://cosplaytele.com/category/yomilkki/
尤喵醒醒 (You miao xing xing)	2	https://cosplaytele.com/category/you-miao-xing-xing/
快点亲亲我吖 (qinqinwoYa)	2	https://cosplaytele.com/category/qinqinwoya/
恋恋艾妮 (aini99088889)	2	https://cosplaytele.com/category/aini99088889/
抖娘利世 (lishi1999)	2	https://cosplaytele.com/category/lishi1999/
星野柒兔 (Xingyeqitu)	2	https://cosplaytele.com/category/xingyeqitu/
晓美嫣 (Xiao mei yan)	2	https://cosplaytele.com/category/xiao-mei-yan/
村上西瓜 (CSXGHHH)	2	https://cosplaytele.com/category/csxghhh/
林书辞 (Lin shu ci)	2	https://cosplaytele.com/category/lin-shu-ci/
林珊珊 (Linshanshan)	2	https://cosplaytele.com/category/linshanshan/
桃小沫沫酱 (Tao xao mo mo jiang)	2	https://cosplaytele.com/category/tao-xao-mo-mo-jiang/
梨瑾瑾 (lijinjin520)	2	https://cosplaytele.com/category/lijinjin520/
樱可 (Ying ke)	2	https://cosplaytele.com/category/ying-ke/
洛美 (Luomei 226)	2	https://cosplaytele.com/category/luomei-226/
浅安安 (Qiananan)	2	https://cosplaytele.com/category/qiananan/
王胖胖u (wu1wuaa)	2	https://cosplaytele.com/category/wu1wua/
白桃露露 (Baitao lulu)	2	https://cosplaytele.com/category/baitao-lulu/
白笑笑 (Bai xiao xiao)	2	https://cosplaytele.com/category/bai-xiao-xiao/
皮皮奶可可爱了啦 (Pippi is so cute)	2	https://cosplaytele.com/category/pippi-is-so-cute/
莉犬酱 (Li quan jiang)	2	https://cosplaytele.com/category/li-quan-jiang/
豪歌 (Alice Haoge)	2	https://cosplaytele.com/category/alice-haoge/
铭铭Kizami (mingming318)	2	https://cosplaytele.com/category/mingming318/
阿半今天很开心 (A ban jintian hen kaixin)	2	https://cosplaytele.com/category/a-ban-jintian-hen-kaixin/
隼隼子 (Hayabusa junko)	2	https://cosplaytele.com/category/hayabusa-junko/
雪貓Yuki Neko (yukineko097)	2	https://cosplaytele.com/category/yuki-neko/
Ah Jiu (阿九)	1	https://cosplaytele.com/category/ah-jiu/
Aina Mikami	1	https://cosplaytele.com/category/aina-mikami/
Akariia	1	https://cosplaytele.com/category/akariia/
Aninnyan	1	https://cosplaytele.com/category/aninnyan/
Arika Ren	1	https://cosplaytele.com/category/arika-ren/
Azuki	1	https://cosplaytele.com/category/azuki/
Bada	1	https://cosplaytele.com/category/bada/
Baebae (베베)	1	https://cosplaytele.com/category/baebae/
Bai Shen Yang (白神泱)	1	https://cosplaytele.com/category/bai-shen-yang/
Beke Jacoba	1	https://cosplaytele.com/category/bekejacoba/
Biya (フィギュア予約中)	1	https://cosplaytele.com/category/biya/
BJ Harin	1	https://cosplaytele.com/category/bj-harin/
Booty Queen	1	https://cosplaytele.com/category/booty-queen/
Bunny	1	https://cosplaytele.com/category/bunny/
CherryS	1	https://cosplaytele.com/category/cherrys/
Daa (다아)	1	https://cosplaytele.com/category/daa/
Dan Hana	1	https://cosplaytele.com/category/dan-hana/
Dasol (다솔)	1	https://cosplaytele.com/category/dasol/
December	1	https://cosplaytele.com/category/december/
DonnaLoli	1	https://cosplaytele.com/category/dona-loli/
Dou Niang	1	https://cosplaytele.com/category/dou-niang/
Eiraotis	1	https://cosplaytele.com/category/eiraotis/
Fafeght (海提)	1	https://cosplaytele.com/category/fafeght/
Five Ghosts (五更百鬼)	1	https://cosplaytele.com/category/five-ghosts/
Fragrant Qin (笑芳香沁)	1	https://cosplaytele.com/category/fragrant-qin/
Gumiho	1	https://cosplaytele.com/category/gumiho/
HashimotoArina17	1	https://cosplaytele.com/category/hashimotoarina17/
Hendoong	1	https://cosplaytele.com/category/hendoong/
Hina Jiao (日奈娇)	1	https://cosplaytele.com/category/hina-jiao/
Hiyukimos	1	https://cosplaytele.com/category/hiyukimos/
Hizzy (히지)	1	https://cosplaytele.com/category/hizzy/
Icelin	1	https://cosplaytele.com/category/icelin/
icy猪	1	https://cosplaytele.com/category/icy/
Itsch.y	1	https://cosplaytele.com/category/itschy/
Jena (제나)	1	https://cosplaytele.com/category/jena/
Jenny	1	https://cosplaytele.com/category/jenny/
Jina	1	https://cosplaytele.com/category/jina/
Jing (景)	1	https://cosplaytele.com/category/jing/
Jiuqujean	1	https://cosplaytele.com/category/jiuqujean/
JJANG 짱 (Jjang Croix)	1	https://cosplaytele.com/category/jjangcroix/
Jocelyn	1	https://cosplaytele.com/category/jocelyn/
Kappan Pann (kappancos)	1	https://cosplaytele.com/category/kappan-pann/
KimemeOwO (木绵绵OwO)	1	https://cosplaytele.com/category/kimeme/
KisaragiAsh	1	https://cosplaytele.com/category/kisaragiash/
Koby	1	https://cosplaytele.com/category/koby/
Kokuhui	1	https://cosplaytele.com/category/kokuhui/
Li Shi	1	https://cosplaytele.com/category/li-shi/
Lu Chu (露初)	1	https://cosplaytele.com/category/lu-chu/
Luisa_零纱纱	1	https://cosplaytele.com/category/luisa/
Magarin (마가린)	1	https://cosplaytele.com/category/magarin/
ManU (鳗鱼霏儿)	1	https://cosplaytele.com/category/manu/
Maria Desu	1	https://cosplaytele.com/category/maria-desu/
Maruemon (마루에몽)	1	https://cosplaytele.com/category/maruemon/
Mei Taojiang (美桃酱)	1	https://cosplaytele.com/category/mei-taojiang/
Mei Yang Yang (美羊羊)	1	https://cosplaytele.com/category/mei-yang-yang/
Meo Chan	1	https://cosplaytele.com/category/meo-chan/
Mikan chan	1	https://cosplaytele.com/category/mikan-chan/
Miley’s (AK-12)	1	https://cosplaytele.com/category/miley/
Mimmi (밈미)	1	https://cosplaytele.com/category/mimmi/
Mimmissu	1	https://cosplaytele.com/category/mimmissu/
Misa米砂	1	https://cosplaytele.com/category/misa/
Miyako Donburi (Rio Miyako)	1	https://cosplaytele.com/category/rio-miyako/
Mochidoll	1	https://cosplaytele.com/category/mochidoll/
Mozi	1	https://cosplaytele.com/category/mozi/
My suite (あつき)	1	https://cosplaytele.com/category/my-suite/
Myu a (뮤아)	1	https://cosplaytele.com/category/myu-a/
Nai Ye Wu (乃夜舞)	1	https://cosplaytele.com/category/nai-ye-wu/
Nana	1	https://cosplaytele.com/category/nana/
Nash1Nomi	1	https://cosplaytele.com/category/nash1nomi/
Neko薇薇 (Mio_Ly)	1	https://cosplaytele.com/category/mioly/
neko酱っ˘з (puppy_doll_88)	1	https://cosplaytele.com/category/puppy-doll-88/
Neyrodesu	1	https://cosplaytele.com/category/neyrodesu/
NinJA阿寨寨 (NinJA_Azz)	1	https://cosplaytele.com/category/ninja_azz/
Noi Oogami	1	https://cosplaytele.com/category/noi-oogami/
Nono	1	https://cosplaytele.com/category/nono/
Nsw	1	https://cosplaytele.com/category/nsw/
prprDrop's (Honami Shizuku)	1	https://cosplaytele.com/category/honami-shizuku/
PuddingNice (プリンちゃん)	1	https://cosplaytele.com/category/puddingnice/
Purple Bunny	1	https://cosplaytele.com/category/purple-bunny/
Rahee	1	https://cosplaytele.com/category/rahee/
Rang Rang	1	https://cosplaytele.com/category/rang-rang/
Romi XXX	1	https://cosplaytele.com/category/romi-xxx/
Rua (루아)	1	https://cosplaytele.com/category/rua/
saiwari (saiwari_ph)	1	https://cosplaytele.com/category/saiwari/
Saya (sayathefox)	1	https://cosplaytele.com/category/sayathefox/
Sayako (さやこ)	1	https://cosplaytele.com/category/sayako/
Selti	1	https://cosplaytele.com/category/selti/
Shenhe	1	https://cosplaytele.com/category/shenhe/
Silver	1	https://cosplaytele.com/category/silver/
Sohee	1	https://cosplaytele.com/category/sohee/
Suyeon	1	https://cosplaytele.com/category/suyeon/
Sword Art Online	1	https://cosplaytele.com/category/sword-art-online/
Tao Liang	1	https://cosplaytele.com/category/tao-liang/
Tina_甜仔	1	https://cosplaytele.com/category/tina_%e7%94%9c%e4%bb%94/
Tsunarin Kaihatsu	1	https://cosplaytele.com/category/tsunarin-kaihatsu/
Tuwanyinghua (兔玩映画)	1	https://cosplaytele.com/category/tuwanyinghua/
U.Hwa (은유화)	1	https://cosplaytele.com/category/uhwa/
Vina Silbee	1	https://cosplaytele.com/category/vina-silbee/
Wei Wei Jiang (薇薇酱)	1	https://cosplaytele.com/category/wei-wei-jiang/
Wuying Meowmeow (无影喵喵)	1	https://cosplaytele.com/category/wuying-meowmeow/
w百合欧皇子w (Lilium725)	1	https://cosplaytele.com/category/lilium725/
Xiao Meiyan (真真子)	1	https://cosplaytele.com/category/xiao-meiyan/
Xiong Xiao Nuo (熊小诺)	1	https://cosplaytele.com/category/xiong-xiao-nuo/
Yae Miko	1	https://cosplaytele.com/category/yae-miko/
Yang Chen Chen (杨晨晨Yome)	1	https://cosplaytele.com/category/yang-chen-chen/
Yang Yi (楊衣)	1	https://cosplaytele.com/category/yang-yi/
Yanni (王馨瑶)	1	https://cosplaytele.com/category/yanni/
Yorkie_w	1	https://cosplaytele.com/category/yorkie_w/
Yudi (유디)	1	https://cosplaytele.com/category/yudi/
Yummhiyow	1	https://cosplaytele.com/category/yummhiyow/
Yuna’s	1	https://cosplaytele.com/category/yuna/
Zhang Xin Xin (张欣欣)	1	https://cosplaytele.com/category/zhang-xin-xin/
Zhou Yan Xi (周妍希)	1	https://cosplaytele.com/category/zhou-yan-xi/
ZziZzi	1	https://cosplaytele.com/category/zzizzi/
Zzyuri (쮸리)	1	https://cosplaytele.com/category/zzyuri/
アレピーチ (alepeach18)	1	https://cosplaytele.com/category/alepeach18/
うり Uri (analoguri)	1	https://cosplaytele.com/category/analoguri/
ガチ洗脳ちゃん (Gachi senno-chan)	1	https://cosplaytele.com/category/gachi-senno-chan/
こすっち (Kosutchi)	1	https://cosplaytele.com/category/kosutchi/
こまち (MeiMei)	1	https://cosplaytele.com/category/meimei/
こも (Comonun)	1	https://cosplaytele.com/category/comonun/
さちぶどう (Sachi Budou)	1	https://cosplaytele.com/category/sachi-budou/
一团墨染 (Yi tuan moran)	1	https://cosplaytele.com/category/yi-tuan-moran/
三无皮卡喵 (San wu pika miao)	1	https://cosplaytele.com/category/san-wu-pika-miao/
严利娅Yuliya	1	https://cosplaytele.com/category/yuliya/
亚马逊鲶鱼 (ymxny0919)	1	https://cosplaytele.com/category/ymxny0919/
佑依 (Yu Yori)	1	https://cosplaytele.com/category/yu-yori/
俏妞qiaoniuTT (Sndmbaobao)	1	https://cosplaytele.com/category/sndmbaobao/
倦倦喵 (Juan juan miao)	1	https://cosplaytele.com/category/juan-juan-miao/
凛子酱 (Linzi0929)	1	https://cosplaytele.com/category/linzi0929/
刺青poi	1	https://cosplaytele.com/category/poi/
千舞樱洛 (Qian wu ying luo)	1	https://cosplaytele.com/category/qian-wu-ying-luo/
卜呦 舰长 恶毒 (Bu Yo)	1	https://cosplaytele.com/category/bu-yo/
又骚又甜欲梦 (You sao you tian yu meng)	1	https://cosplaytele.com/category/you-sao-you-tian-yu-meng/
发条少女YoKi	1	https://cosplaytele.com/category/yoki/
名濑弥七 (Ming lai mi qi)	1	https://cosplaytele.com/category/ming-lai-mi-qi/
吸血鬼映画 (Vampire)	1	https://cosplaytele.com/category/vampire/
咬一口兔娘ovo	1	https://cosplaytele.com/category/ovo/
地瓜小盆友 (Digua xiao pen you)	1	https://cosplaytele.com/category/digua-xiao-pen-you/
塔塔_Lo1iTa	1	https://cosplaytele.com/category/lo1ita/
夏沫沫tifa	1	https://cosplaytele.com/category/tifa/
天夫人 (Buli Tian)	1	https://cosplaytele.com/category/buli-tian/
奶宝妹纸 (milkbabe0712)	1	https://cosplaytele.com/category/milkbabe0712/
奶思兔 (Naisitu)	1	https://cosplaytele.com/category/naisitu/
妹抖青 (Mei dou qing)	1	https://cosplaytele.com/category/mei-dou-qing/
娇喘JC (Jiao chuan JC)	1	https://cosplaytele.com/category/jiao-chuan/
安然anran	1	https://cosplaytele.com/category/anran/
安食Ajiki	1	https://cosplaytele.com/category/ajiki/
宫野莉萝 (Gong ye li luo)	1	https://cosplaytele.com/category/gong-ye-li-luo/
小律Ritsu	1	https://cosplaytele.com/category/ritsu/
小果冻儿 (Jelly)	1	https://cosplaytele.com/category/jelly2/
小泽 (xiaoze2022)	1	https://cosplaytele.com/category/xiaoze2022/
小海臀Rena	1	https://cosplaytele.com/category/rena/
小玉 (Xiaoyu)	1	https://cosplaytele.com/category/xiaoyu/
小耳朵哇 (xiaoerduoj)	1	https://cosplaytele.com/category/xiaoerduoj/
小蛮妖Yummy	1	https://cosplaytele.com/category/yummy/
小鹿丢了 (xiaolubb)	1	https://cosplaytele.com/category/xiaolubb/
小齿优喵 (Xiao chi you miao)	1	https://cosplaytele.com/category/xiao-chi-you-miao/
巧克力小圆面包 (Qiaokeli xiao yuan mianbao)	1	https://cosplaytele.com/category/qiaokeli-xiao-yuan-mianbao/
徐莉芝Booty	1	https://cosplaytele.com/category/booty/
愛莉 (Irisuare)	1	https://cosplaytele.com/category/irisuare/
懂小姐 (dongo jyousan)	1	https://cosplaytele.com/category/dongo-jyousan/
抱走小蔡头 (Bao zou xiao cai tou)	1	https://cosplaytele.com/category/bao-zou-xiao-cai-tou/
摇摇乐yoyo (yaoyao23333)	1	https://cosplaytele.com/category/yoyo/
新ありな (Shin Ari Na)	1	https://cosplaytele.com/category/shin-ari-na/
无颜小天使wy (wuyanangel)	1	https://cosplaytele.com/category/wuyanangel/
星萌 (Xing meng)	1	https://cosplaytele.com/category/xing-meng/
是青水 (Shi qingshui)	1	https://cosplaytele.com/category/shi-qingshui/
李佳芮cherie	1	https://cosplaytele.com/category/%e6%9d%8e%e4%bd%b3%e8%8a%aecherie/
李雅柔182CM	1	https://cosplaytele.com/category/182cm/
杏仁 (Xingren)	1	https://cosplaytele.com/category/xingren/
林悠悠 (Lin youyou)	1	https://cosplaytele.com/category/lin-youyou/
林星阑 (lxl 0711)	1	https://cosplaytele.com/category/lxl-0711/
柘烟Zuken	1	https://cosplaytele.com/category/zuken/
核酸酱 (Miamiallla)	1	https://cosplaytele.com/category/miamiallla/
桃沢安 (taoze2004)	1	https://cosplaytele.com/category/taoze/
桥本香菜 (Qiaobenxiangcai)	1	https://cosplaytele.com/category/qiaobenxiangcai/
梦心玥 (mengxinyuea)	1	https://cosplaytele.com/category/mengxinyuea/
森萝财团 (Sen luo caituan)	1	https://cosplaytele.com/category/sen-luo-caituan/
樱井奈奈 (Ying jing nainai)	1	https://cosplaytele.com/category/ying-jing-nainai/
樱井小莜 (zhuimingyou)	1	https://cosplaytele.com/category/zhuimingyou/
樱岛嗷 (Ying dao ao)	1	https://cosplaytele.com/category/ying-dao-ao/
永劫无间 (Qiuhe keji)	1	https://cosplaytele.com/category/qiuhe-keji/
沫倪酱 (Mo Ni Jiang)	1	https://cosplaytele.com/category/mo-ni-jiang/
波巧酱 (Bo qiao jiang)	1	https://cosplaytele.com/category/bo-qiao-jiang/
浅浅Danny	1	https://cosplaytele.com/category/danny/
灵罗娃娃 (Ling luo wawa)	1	https://cosplaytele.com/category/ling-luo-wawa/
熙涵 (xihan)	1	https://cosplaytele.com/category/xihan/
爱老师_PhD	1	https://cosplaytele.com/category/phd/
特软儿Sona	1	https://cosplaytele.com/category/sona/
狐玖玖 (Hujiujiu)	1	https://cosplaytele.com/category/hujiujiu/
猫九酱Sakura	1	https://cosplaytele.com/category/sakura/
瓦斯塔亚小龙虾 (withKaisa)	1	https://cosplaytele.com/category/withkaisa/
皮皮娘 (Pipiniang520)	1	https://cosplaytele.com/category/pipiniang520/
石川澪 (ishikawamio)	1	https://cosplaytele.com/category/ishikawamio/
私人玩物 (Siren wanwu)	1	https://cosplaytele.com/category/siren-wanwu/
章鱼娘 (Zhangyu niang)	1	https://cosplaytele.com/category/zhangyu-niang/
米亚Mia	1	https://cosplaytele.com/category/mia-2/
素人渔夫 (Suren yufu)	1	https://cosplaytele.com/category/suren-yufu/
美七Mia	1	https://cosplaytele.com/category/mia/
美月 HKxSYR	1	https://cosplaytele.com/category/hk-syr/
羽生三未 (Hanyu san hitsuji)	1	https://cosplaytele.com/category/hanyu-san-hitsuji/
肉肉在干嘛 (rourouzaiganma)	1	https://cosplaytele.com/category/rourouzaiganma/
花柒Hana	1	https://cosplaytele.com/category/%e8%8a%b1%e6%9f%92hana/
苏小柠 (Mayuziii)	1	https://cosplaytele.com/category/mayuziii/
茜茜Kimi	1	https://cosplaytele.com/category/kimi/
茶狸子 (Cha li zi)	1	https://cosplaytele.com/category/cha-li-zi/
莉莉丝 (Lili Si)	1	https://cosplaytele.com/category/lili-si/
萌汉药baby	1	https://cosplaytele.com/category/baby/
薫月企画 (Aiga Mizuki)	1	https://cosplaytele.com/category/aiga-mizuki/
西呱呀呀呀 (murmure)	1	https://cosplaytele.com/category/murmure/
趴趴 (Papa)	1	https://cosplaytele.com/category/papa/
軟妹搖搖樂 (YaoYaoQwQ)	1	https://cosplaytele.com/category/yaoyaoqwq/
软甜糯米糍 (awdydbb)	1	https://cosplaytele.com/category/awdydbb/
过期米线线喵 (Expired Rice Noodle Meow)	1	https://cosplaytele.com/category/expired-rice-noodle-meow/
阳布布鸭 (YANGBUBUYAA)	1	https://cosplaytele.com/category/yangbubuyaa/
阿朱啊 (azhua)	1	https://cosplaytele.com/category/azhua/
陈柒柒 (Chen qiqi)	1	https://cosplaytele.com/category/chen-qiqi/
雲少女 (Kumo shojo)	1	https://cosplaytele.com/category/kumo-shojo/
雾枝姬 (Wu zhu ji)	1	https://cosplaytele.com/category/wu-zhu-ji/
面饼仙儿 (MBxer_cos)	1	https://cosplaytele.com/category/mbxercos/
顾乔楠Cora	1	https://cosplaytele.com/category/cora/
黑川 (Hei chuan)	1	https://cosplaytele.com/category/hei-chuan/
黑川鹤子 (Hei chuan he zi)	1	https://cosplaytele.com/category/hei-chuan-he-zi/
다연님 (dayeonnim)	1	https://cosplaytele.com/category/dayeonnim/
백설탕 (Baeksultang)	1	https://cosplaytele.com/category/baeksultang/
사랑해 (Salanghae)	1	https://cosplaytele.com/category/salanghae/
율비 (Yulbi)	1	https://cosplaytele.com/category/yulbi/
제나 (June)	1	https://cosplaytele.com/category/june/
Caroline (卡洛琳)	0	https://cosplaytele.com/category/caroline/
Chiu_mini (mini肉包)	0	https://cosplaytele.com/category/mini/
Destiny (運命)	0	https://cosplaytele.com/category/destiny/
Han Fangyu	0	https://cosplaytele.com/category/han-fangyu/
Joan	0	https://cosplaytele.com/category/joan/
Juice Jiemi (婕咪)	0	https://cosplaytele.com/category/juice-jiemi/
Kuuko W (クー子)	0	https://cosplaytele.com/category/kuuko-w/
Lara	0	https://cosplaytele.com/category/lara/
Li Yan (黎妍)	0	https://cosplaytele.com/category/li-yan/
Meiilyn (yuumeilyn)	0	https://cosplaytele.com/category/meiilyn/
Mikomin	0	https://cosplaytele.com/category/mikomin/
Moon Night Snap	0	https://cosplaytele.com/category/moon-night-snap/
SEHI	0	https://cosplaytele.com/category/sehi/
Tiny	0	https://cosplaytele.com/category/tiny/
Vandych (Alex_VanDych)	0	https://cosplaytele.com/category/vandych/
Verna	0	https://cosplaytele.com/category/verna/
VINA	0	https://cosplaytele.com/category/vina/
Yui (優伊)	0	https://cosplaytele.com/category/yui/
全藏森林 (shenyeqihua)	0	https://cosplaytele.com/category/shenyeqihua/
喬安 (Qiao an)	0	https://cosplaytele.com/category/qiao-an/
夏暮光 (muguang_arts)	0	https://cosplaytele.com/category/muguang-arts/
媛媛 (Yuan Yuan)	0	https://cosplaytele.com/category/yuan-yuan/
安希 (An xi)	0	https://cosplaytele.com/category/an-xi/
樂樂Lele	0	https://cosplaytele.com/category/lele/
熙玥 (siyue 309)	0	https://cosplaytele.com/category/siyue-309/
玟妡WenHsin	0	https://cosplaytele.com/category/wenhsin/
璃奈酱 (Rina)	0	https://cosplaytele.com/category/rina/
肉包 (Rou bao)	0	https://cosplaytele.com/category/rou-bao/
苡昕Slivia	0	https://cosplaytele.com/category/slivia/
辰辰 (Chen Chen)	0	https://cosplaytele.com/category/chen-chen/
阿黎 (Ali)	0	https://cosplaytele.com/category/ali/
黎菲儿 (ryokooo 0625)	0	https://cosplaytele.com/category/ryokooo-0625/
黎菲兒 (Li Feier)	0	https://cosplaytele.com/category/li-feier/
