CHN	Abaoyeshitunia1 (阿包也是兔娘)	1	558320
CHN	AikoUwU	2	1678408
CHN	Aini99088889 (恋恋艾妮)	1	108744
CHN	Aiybyh	1	268424
CHN	Ajlma	1	441800
CHN	Angel & Eluosi Gongzhu (妍妍 and 俄罗斯公主)	1	1792264
CHN	Aqua (水淼)	28	4627544
CHN	AraneaSakura (桜满三时)	1	1017152
CHN	Arty Huang (Arty亚缇)	14	3421700
CHN	Asai chan (核酸酱)	4	3473792
CHN	Astra (雪晴嘟嘟)	2	703048
CHN	AxunkaOri (阿薰kaOri)	9	17461048
CHN	Ayame Base	6	585504
CHN	Azami	1	136272
CHN	Baby-LuLu (鹿八岁baby)	4	2583124
CHN	Baebae	1	404080
CHN	Bangni (邦尼)	8	8881716
CHN	Baochaoxiaosu (你的老婆酥酥)	1	1792980
CHN	Blacqkl (白莉爱吃巧克力)	1	615828
CHN	Burin	1	182296
CHN	CatDemon (喵崽)	16	17353684
CHN	Cheesewii (起司块wii)	1	850332
CHN	Chengzimiaoj (橙子喵酱)	2	136000
CHN	ChuChu Magic	7	7780856
CHN	Chunmomo (蠢沫沫)	3	4411780
CHN	Cncmeng8 (白日梦)	2	1604892
CHN	DemiFairyTW	6	6382012
CHN	DreamTamu	1	1601448
CHN	DreamlikeUwU	4	3737844
CHN	Elizamiaomiao72 (eliza喵喵)	1	429492
CHN	Enthus1asmm (热)	1	96044
CHN	Fantasy Factory	8	1218332
CHN	Fish (鱼子酱)	1	1372040
CHN	Girlyoyobbb (香草少女m)	1	723816
CHN	HKxSYR (美月)	1	409788
CHN	Hachi (小芭)	2	248964
CHN	Hakuto shojo (白桃少女)	1	501584
CHN	Hatori Sama	1	12
CHN	Hiino (雪月)	3	244848
CHN	Hinata2000 (向日君)	2	414172
CHN	Hokunaimeko	1	324880
CHN	HongKongDoll	1	593736
CHN	Hoshilily (星之迟迟)	3	2035584
CHN	Hoshino Mi Tu (星野咪兔)	1	282204
CHN	Huangjin er bi wang (黄金二逼王)	1	133760
CHN	Irisuare	2	278164
CHN	JVID	2	1843372
CHN	Jean (九曲)	1	919352
CHN	Jiu Yan (九言)	12	5249520
CHN	Joyce (Joyce Lin2x)	8	4626204
CHN	KaYa Huang (萱)	3	289152
CHN	Keke Xiaobaitu (可可小白兔)	1	1828
CHN	Kiki (小野猫)	2	4010504
CHN	Kimmie (蜜蜜子)	1	1162208
CHN	Kokurachiyo (小仓千代w)	5	2226968
CHN	Kotori950422 (小鸟酱)	3	4183456
CHN	Kyokoyaki	3	459688
CHN	LMusicl	1	18848
CHN	LanLanWink (懒懒睡不醒)	4	5002244
CHN	Lele (樂樂)	1	1359164
CHN	Li Jia (李佳)	1	340548
CHN	Lin shu ci (林书辞)	1	3863564
CHN	LoLiSAMA (洛璃)	3	3181920
CHN	Lovewxnn (小欣奈)	2	2624992
CHN	Luo Ying (羅穎)	1	746732
CHN	Machi (馬吉)	45	22417884
CHN	Makii (makiowovo)	1	897544
CHN	MeeHuTao (米胡桃)	3	1757960
CHN	Meeu (蜜汁猫裘)	1	2858984
CHN	Meiilyn (yuumeilyn)	5	7423784
CHN	Messie Huang (写真)	1	835120
CHN	MiaoMjiang, Xiao Jian & Nai Hu (Miao喵酱, 小简 and 奶糊)	1	1412220
CHN	Mime (弥美)	1	80804
CHN	Minichu	2	1058540
CHN	Misa (米砂)	1	2357884
CHN	Misaki Suzuki (铃木美咲)	12	20586740
CHN	Mizu	1	758476
CHN	Momo (慕慕)	18	27657448
CHN	Momocat (無毛猫)	1	397892
CHN	Money (冷冷)	1	857648
CHN	Muzhiben guo (木之本果)	1	727940
CHN	Muzhiben lan (木之本澜)	1	782560
CHN	Nagisa (魔物喵)	2	936420
CHN	Natsuko (夏夏子)	5	3247620
CHN	Nekokoyoshi (爆机少女喵小吉)	10	23392988
CHN	Niannian Tuanzitu (黏黏团子兔)	232	284267336
CHN	Niceoppi (奈汐酱nice)	2	767544
CHN	Nikumikyo (きょう肉肉)	1	677824
CHN	Nisa (二佐)	3	9591372
CHN	Niuru Bobo	2	3727560
CHN	Nnian	3	4074616
CHN	Okita Rinka (沖田凜花)	10	5854364
CHN	Pan Si Qin (潘思沁)	1	753828
CHN	PoppaChan	11	9960856
CHN	Pudding Dafa (布丁大法)	3	3972552
CHN	PuppyPorn090 (你的小狗)	4	5081508
CHN	Puypuychan (Puypuy プィプィ)	16	16836928
CHN	QIUandCorgi (秋和柯基)	1	1037124
CHN	Qiao an (喬安)	1	1221736
CHN	Qing Miao	1	376012
CHN	QingmingJiang (小青茗)	2	1326128
CHN	Qiqi	2	4253060
CHN	Qiyuemiaozi (七月喵子)	1	574484
CHN	Quan (冉有点饿)	3	2194932
CHN	Ran3	2	3972284
CHN	Rinaijiao (日奈娇)	10	22197056
CHN	Rioko	4	3353584
CHN	Rissoft (前羽)	2	398040
CHN	Rongrongzi (小容仔咕咕咕w)	1	250308
CHN	Roujiangdajiba (一只肉酱阿)	2	784044
CHN	Rua (阮阮)	1	1265736
CHN	Sakurai Ningning (桜井宁宁)	5	9083884
CHN	San Qing Yezi (三青叶子)	2	536872
CHN	Sandu 69 (三度_69)	5	2252792
CHN	Sanwu Renxing	3	669836
CHN	Sayo Momo	2	1410136
CHN	Sen luo caituan (森萝财团)	1	4192828
CHN	Sheying Shi Ling Fan (摄影师翎梵)	1	1570532
CHN	Shika-hatsu (鹿初)	3	2784980
CHN	Shikako Chitanda (千反田鹿子)	1	864540
CHN	Shimizuyuno (清水由乃)	1	130616
CHN	Shojo chitsujo (少女秩序)	1	770492
CHN	Shojo eiga (少女映画)	6	4025624
CHN	SleeppyLee1 (小礼好困)	3	636972
CHN	SoSo	1	310676
CHN	Su Chang (苏畅)	1	860960
CHN	SweetRabbit233 (软萌兔兔酱)	5	3981344
CHN	Taogu ruo ji zi (桃谷若姬子)	1	306892
CHN	Taoliangazhai (桃良阿宅)	3	1366508
CHN	Taonuan222 (桃暖酱)	2	795284
CHN	Taopaipu (白袜袜)	1	358096
CHN	TiTi (钛合金)	3	2895172
CHN	TmEujITwYqHa1MS (小宅酱)	1	436420
CHN	Tokar (浵卡)	11	17584212
CHN	Tuola Dawang (拖拉大王)	1	398920
CHN	Umeko J	25	45035116
CHN	Uncle Dou (豆叔)	1	3861728
CHN	Walkure (絞肉姬)	5	2320772
CHN	Wang Yu Chun (王雨纯)	1	886276
CHN	Xia Xiao Qiu Qiu Qiu (夏小秋秋秋)	1	3891484
CHN	Xiangcao Naimiao	2	5050408
CHN	Xiao Ding (小丁)	8	4134528
CHN	Xiao Qi (小七)	1	2315160
CHN	Xiao Ti Na (小缇娜)	1	3917032
CHN	Xiao Ying (小樱)	1	116312
CHN	Xiaohetianjiu (小和甜酒)	5	3381220
CHN	Xiaomayi2024	1	476964
CHN	Xiaoniaoxzh	1	525244
CHN	Xiaotao jiang (小桃酱)	1	955868
CHN	Xiaotiantian617 (筱田甜)	2	6566724
CHN	Xiaoyaoyaoyao12 (小瑶幺幺)	5	3535412
CHN	Xiaoyouzi1314 (夏)	1	230440
CHN	Xidaidai (喜呆呆)	3	980668
CHN	Xinglan is Lanlan called Lanmei (星澜是澜澜叫澜妹呀)	6	5968580
CHN	Xu Ruoxi	1	574528
CHN	Yamisung	5	1094804
CHN	Yangyi (楊衣)	1	164020
CHN	Yaokoututu (咬一口兔娘ovo)	95	189670576
CHN	Yikouyoutao (萌白酱)	4	6797016
CHN	Yixiaoyangzew (一小央泽)	1	1553500
CHN	Yomilkki (小幼齿喵)	1	147900
CHN	You Mi (优米)	2	451876
CHN	You Shui Ling Yi (幼水铃衣)	1	562688
CHN	Youmu (柚木)	1	1119940
CHN	YourDrug88 (六味帝皇酱)	1	550488
CHN	Yu Yu	2	970776
CHN	Yuahentai2	1	214052
CHN	Yuan Yuan & Li Feier (媛媛 and 黎菲兒)	1	790708
CHN	Yui Peachpie	3	6047180
CHN	Yunzaizzz (晕崽Zz)	1	349780
CHN	Yuuhui (玉汇)	10	15395112
CHN	Yuziqoq (小蔡头喵喵喵)	2	2624012
CHN	Yuzukitty	1	490024
CHN	Zhen Zi Mi Tao (贞子蜜桃)	1	1902860
JPN	Akesatotsu Muki (明里つむき)	1	403884
JPN	Asagi Kawaii	2	3794120
JPN	Asagiriai (愛ちゃん)	1	416300
JPN	Corpse-chan (死体ちゃん)	1	381892
JPN	Emma Chizuru	1	767512
JPN	HimeTsu	1	855044
JPN	Jpcutegirlnoa	2	836388
JPN	Kanna Seto	1	253688
JPN	Masukuchan	1	1147124
JPN	Minami	3	7775588
JPN	Miyashita Rena	1	355888
JPN	Nagasawa Marina	4	804512
JPN	Nagomi	1	219500
JPN	Nagomitei	1	1072564
JPN	Okada Yui	5	596544
JPN	Pyoncos (ピオン)	9	8946228
JPN	Ria Kurumi	1	2550308
JPN	Rikka Ono (小野六花)	1	42944
JPN	RinaCosplay (Rinaリナ)	2	3008300
JPN	Ringo_mitsuki (りんごみつき)	1	406572
JPN	Saizneko_2 (サイちゃん)	3	1335760
JPN	Tsubaki (ATFM)	1	91400
JPN	Tsubaki Sannomiya	2	840648
JPN	Yua Airi	1	1311444
JPN	Yuk1e_93 (渡久山)	1	520172
KOR	Aram (아람)	1	2528828
KOR	Hayun (하윤)	1	1484680
KOR	Inkyung (강인경)	6	3746904
KOR	Jisu A (안지수)	0	0
KOR	Min (민)	1	2159136
KOR	Min Harin (민하린)	1	3800356
KOR	Pure Media	1	163080
KOR	Yeha	8	10576512
KOR	Yeon Woo (연우)	1	3427532
KOR	YeonYu (연유)	0	0
KOR	Yeri (예리)	0	0
SEA	Byoru (ビョル)	57	113308700
SEA	Hana Bunny	1	66584
SEA	Meenfox	5	1568320
SEA	Miinmeow	5	3118084
SEA	Muming8891 (เจ้ามิ้ง)	1	1089812
SEA	Sally Dorasnow	1	593488
SEA	Tiny Asa (アサ)	15	28078636
SEA	ZinieQ (ジニCosplayer)	12	7612980
WEST	Aery Tiefling	3	3111324
WEST	Hegre	9	15608672
WEST	Hidori Rose	1	1157952
WEST	Max	4	2165772
WEST	Yours Truly U	2	1109372
ETC	SEHI	1	473148
ETC	Small boy cave thing	1	529920
ETC	Unknown Cosplayer	37	59460368
