布丁大法	96	https://misskon.com/tag/budingdafa/
钛合金TiTi	80	https://misskon.com/tag/taihejintiti/
PoppaChan	76	https://misskon.com/tag/poppachan/
黏黏团子兔	71	https://misskon.com/tag/nianniantuanzitu/
Bangni邦尼	64	https://misskon.com/tag/bangni-bang-ni/
年年Nnian	63	https://misskon.com/tag/nianniannnian/
UmekoJ	63	https://misskon.com/tag/umekoj/
Byoru	61	https://misskon.com/tag/byoru/
星之迟迟Hoshilily	58	https://misskon.com/tag/xingzhichichihoshilily/
慕慕Momo	56	https://misskon.com/tag/%e6%85%95%e6%85%95momo/
yuuhui玉汇	54	https://misskon.com/tag/yuuhui%e7%8e%89%e6%b1%87/
蠢沫沫	50	https://misskon.com/tag/%e8%a0%a2%e6%b2%ab%e6%b2%ab/
日奈娇	49	https://misskon.com/tag/ri-nai-jiao/
白栎Shirly	45	https://misskon.com/tag/%e7%99%bd%e6%a0%8eshirly/
小仓千代w	45	https://misskon.com/tag/%e5%b0%8f%e4%bb%93%e5%8d%83%e4%bb%a3w/
阿雪雪	44	https://misskon.com/tag/a-xue-xue/
二佐Nisa	43	https://misskon.com/tag/er-zuo-nisa/
桜井宁宁	42	https://misskon.com/tag/%e6%a1%9c%e4%ba%95%e5%ae%81%e5%ae%81/
白银81	41	https://misskon.com/tag/%e7%99%bd%e9%93%b681/
水淼Aqua	40	https://misskon.com/tag/%e6%b0%b4%e6%b7%bcaqua/
屿鱼	39	https://misskon.com/tag/yu-yu-2/
霜月shimo	38	https://misskon.com/tag/%e9%9c%9c%e6%9c%88shimo/
Tiny Asa	37	https://misskon.com/tag/tiny-asa/
纸悦Etsu_ko	36	https://misskon.com/tag/%e7%ba%b8%e6%82%a6etsu_ko/
奈汐酱nice	36	https://misskon.com/tag/%e5%a5%88%e6%b1%90%e9%85%b1nice/
鹿八岁	36	https://misskon.com/tag/lubasui/
清水凪	35	https://misskon.com/tag/%e6%b8%85%e6%b0%b4%e5%87%aa/
AT鲨	34	https://misskon.com/tag/at-sha/
G44不会受伤	33	https://misskon.com/tag/g44%e4%b8%8d%e4%bc%9a%e5%8f%97%e4%bc%a4/
Natsuko夏夏子	33	https://misskon.com/tag/natsuko-xia-xia-zi/
九柒喵	33	https://misskon.com/tag/%e4%b9%9d%e6%9f%92%e5%96%b5/
阿半今天很开心	32	https://misskon.com/tag/a-ban-jin-tian-hen-kai-xin/
ZinieQ	32	https://misskon.com/tag/zinieq/
麻薯好吃	31	https://misskon.com/tag/%e9%ba%bb%e8%96%af%e5%a5%bd%e5%90%83/
柒柒要乖哦	31	https://misskon.com/tag/qiqiyaoguaio/
清水由乃	31	https://misskon.com/tag/qing-shui-you-nai/
神楽坂真冬	30	https://misskon.com/tag/%e7%a5%9e%e6%a5%bd%e5%9d%82%e7%9c%9f%e5%86%ac/
洛璃LoLiSAMA	30	https://misskon.com/tag/luo-li-lolisama/
PuyPuy	29	https://misskon.com/tag/puypuy/
浅安安	27	https://misskon.com/tag/qian-an-an/
阿薰kaOri	27	https://misskon.com/tag/a-xun-kaori/
过期米线线喵	26	https://misskon.com/tag/%e8%bf%87%e6%9c%9f%e7%b1%b3%e7%ba%bf%e7%ba%bf%e5%96%b5/
半半子	25	https://misskon.com/tag/banbanzi/
封疆疆v	25	https://misskon.com/tag/feng-jiang-jiang-v/
落落Raku	25	https://misskon.com/tag/luo-luo-raku/
香草奶喵	24	https://misskon.com/tag/%e9%a6%99%e8%8d%89%e5%a5%b6%e5%96%b5/
疯猫ss	24	https://misskon.com/tag/feng-mao-ss/
Alina Becker	24	https://misskon.com/tag/alina-becker/
ElyEE子	24	https://misskon.com/tag/elyeezi/
私人玩物	24	https://misskon.com/tag/%e7%a7%81%e4%ba%ba%e7%8e%a9%e7%89%a9/
麻花麻花酱	23	https://misskon.com/tag/ma-hua-ma-hua-jiang/
云溪溪	22	https://misskon.com/tag/%e4%ba%91%e6%ba%aa%e6%ba%aa/
星澜是澜澜叫澜妹呀	21	https://misskon.com/tag/xing-lan-shi-lan-lan-jiao-lan-mei-ya/
けん研	21	https://misskon.com/tag/%e3%81%91%e3%82%93%e7%a0%94/
Hidori Rose	21	https://misskon.com/tag/hidori-rose/
soso嗖嗖	20	https://misskon.com/tag/soso%e5%97%96%e5%97%96/
Nyako喵子	20	https://misskon.com/tag/nyako%e5%96%b5%e5%ad%90/
亚马逊鲶鱼	20	https://misskon.com/tag/%e4%ba%9a%e9%a9%ac%e9%80%8a%e9%b2%b6%e9%b1%bc/
西园寺南歌	20	https://misskon.com/tag/%e8%a5%bf%e5%9b%ad%e5%af%ba%e5%8d%97%e6%ad%8c/
幼愛Youmeko	19	https://misskon.com/tag/you-ai-youmeko/
桜桃喵	19	https://misskon.com/tag/%e6%a1%9c%e6%a1%83%e5%96%b5/
雪晴Astra	19	https://misskon.com/tag/%e9%9b%aa%e6%99%b4astra/
Aery Tiefling	19	https://misskon.com/tag/aery-tiefling/
矢量鱼	18	https://misskon.com/tag/%e7%9f%a2%e9%87%8f%e9%b1%bc/
九言	18	https://misskon.com/tag/jiu-yan/
lMusicl	18	https://misskon.com/tag/lmusicl/
九曲Jean	17	https://misskon.com/tag/jiu-qu-jean/
你的真真u	17	https://misskon.com/tag/%e4%bd%a0%e7%9a%84%e7%9c%9f%e7%9c%9fu/
Quan冉有点饿	17	https://misskon.com/tag/quan-ran-you-dian-e/
是一只熊仔吗	17	https://misskon.com/tag/shi-yi-zhi-xiong-zi/
双木扶苏	16	https://misskon.com/tag/shuang-mu-fu-su/
Xiaoyukiko小鱼	16	https://misskon.com/tag/xiaoyukiko%e5%b0%8f%e9%b1%bc/
起司块wii	16	https://misskon.com/tag/%e8%b5%b7%e5%8f%b8%e5%9d%97wii/
NAGISA魔物喵	16	https://misskon.com/tag/nagisamowumiao/
七七娜娜子	16	https://misskon.com/tag/%e4%b8%83%e4%b8%83%e5%a8%9c%e5%a8%9c%e5%ad%90/
羽生三未	15	https://misskon.com/tag/yu-sheng-san-wei/
三無人型	15	https://misskon.com/tag/san-wu-ren-xing/
Machi馬吉	15	https://misskon.com/tag/machi-ma-ji/
蜜汁猫裘	15	https://misskon.com/tag/%e8%9c%9c%e6%b1%81%e7%8c%ab%e8%a3%98/
lunananya	15	https://misskon.com/tag/lunananya/
Choi Ji Yun	15	https://misskon.com/tag/choi-ji-yun/
一米八的大梨子	15	https://misskon.com/tag/%e4%b8%80%e7%b1%b3%e5%85%ab%e7%9a%84%e5%a4%a7%e6%a2%a8%e5%ad%90/
蝶月真綾	15	https://misskon.com/tag/%e8%9d%b6%e6%9c%88%e7%9c%9f%e7%b6%be/
洛美	15	https://misskon.com/tag/%e6%b4%9b%e7%be%8e/
抱走莫子aa	14	https://misskon.com/tag/%e6%8a%b1%e8%b5%b0%e8%8e%ab%e5%ad%90aa/
轩萧学姐	14	https://misskon.com/tag/xuan-xiao-xue-jie/
皮皮奶可可爱了啦	14	https://misskon.com/tag/pipinaikekeailela/
前野太太	14	https://misskon.com/tag/%e5%89%8d%e9%87%8e%e5%a4%aa%e5%a4%aa/
星黛鹿鹿	14	https://misskon.com/tag/xing-dai-lu-lu/
Candy_Ball	14	https://misskon.com/tag/candyball/
眼酱大魔王w	14	https://misskon.com/tag/%e7%9c%bc%e9%85%b1%e5%a4%a7%e9%ad%94%e7%8e%8bw/
Messie Huang	14	https://misskon.com/tag/messie-huang/
上杉绘梨落	14	https://misskon.com/tag/%e4%b8%8a%e6%9d%89%e7%bb%98%e6%a2%a8%e8%90%bd/
KANEKO_咔喵	13	https://misskon.com/tag/kaneko_kamiao/
铁手叫兽	13	https://misskon.com/tag/%e9%93%81%e6%89%8b%e5%8f%ab%e5%85%bd/
可可小白兔	13	https://misskon.com/tag/ke-ke-xiao-bai-tu/
Pyon	13	https://misskon.com/tag/pyon/
miko酱ww	13	https://misskon.com/tag/miko-jiang-ww/
絞肉姬Walküre	13	https://misskon.com/tag/jiao-rou-ji-walk-re/
Irisuare(愛莉)	13	https://misskon.com/tag/irisuare%e6%84%9b%e8%8e%89/
曲奇软fufu	13	https://misskon.com/tag/%e6%9b%b2%e5%a5%87%e8%bd%affufu/
高桥千凛	13	https://misskon.com/tag/%e9%ab%98%e6%a1%a5%e5%8d%83%e5%87%9b/
Imyuiichann	13	https://misskon.com/tag/imyuiichann/
rioko凉凉子	12	https://misskon.com/tag/rioko%e5%87%89%e5%87%89%e5%ad%90/
瓜希酱	12	https://misskon.com/tag/%e7%93%9c%e5%b8%8c%e9%85%b1/
秋和柯基	12	https://misskon.com/tag/qiu-he-ke-ji/
十万珍吱伏特	12	https://misskon.com/tag/%e5%8d%81%e4%b8%87%e7%8f%8d%e5%90%b1%e4%bc%8f%e7%89%b9/
葛生w	12	https://misskon.com/tag/%e8%91%9b%e7%94%9fw/
Hokunaimeko	12	https://misskon.com/tag/hokunaimeko/
Kurumi (クルミ)	12	https://misskon.com/tag/kurumi-%e3%82%af%e3%83%ab%e3%83%9f/
Rizuna	12	https://misskon.com/tag/rizuna/
萌芽儿o0	11	https://misskon.com/tag/%e8%90%8c%e8%8a%bd%e5%84%bfo0/
小容仔咕咕咕w	11	https://misskon.com/tag/%e5%b0%8f%e5%ae%b9%e4%bb%94%e5%92%95%e5%92%95%e5%92%95w/
一小央泽	11	https://misskon.com/tag/%e4%b8%80%e5%b0%8f%e5%a4%ae%e6%b3%bd/
一色雨	11	https://misskon.com/tag/%e4%b8%80%e8%89%b2%e9%9b%a8/
Tokar浵卡	11	https://misskon.com/tag/tokar-tong-ka/
Sayo Momo	11	https://misskon.com/tag/sayo-momo/
摇摇乐yoyo	11	https://misskon.com/tag/%e6%91%87%e6%91%87%e4%b9%90yoyo/
六味帝皇酱	11	https://misskon.com/tag/%e5%85%ad%e5%91%b3%e5%b8%9d%e7%9a%87%e9%85%b1/
CatDemon喵崽	10	https://misskon.com/tag/catdemon-miao-zai/
面饼仙儿	10	https://misskon.com/tag/mianbingxianer/
雯妹不讲道理	10	https://misskon.com/tag/%e9%9b%af%e5%a6%b9%e4%b8%8d%e8%ae%b2%e9%81%93%e7%90%86/
wendydydydy_酱油	10	https://misskon.com/tag/wendydydydy_%e9%85%b1%e6%b2%b9/
Misaki Sai	10	https://misskon.com/tag/misaki-sai/
Ulichan	10	https://misskon.com/tag/ulichan/
Peach milky	9	https://misskon.com/tag/peach-milky/
神沢永莉	9	https://misskon.com/tag/shen-ze-yong-li/
51酱	9	https://misskon.com/tag/51-jiang/
焖焖碳	9	https://misskon.com/tag/%e7%84%96%e7%84%96%e7%a2%b3/
是夙卿呀	9	https://misskon.com/tag/%e6%98%af%e5%a4%99%e5%8d%bf%e5%91%80/
純愛neko	9	https://misskon.com/tag/%e7%b4%94%e6%84%9bneko/
Mik Allen(miakanayuri)	9	https://misskon.com/tag/mik-allenmiakanayuri/
HaL(ハル)	9	https://misskon.com/tag/hal%e3%83%8f%e3%83%ab/
雾枝姬Kirie	9	https://misskon.com/tag/%e9%9b%be%e6%9e%9d%e5%a7%ackirie/
染三ran3	8	https://misskon.com/tag/%e6%9f%93%e4%b8%89ran3/
五更百鬼	8	https://misskon.com/tag/%e4%ba%94%e6%9b%b4%e7%99%be%e9%ac%bc/
无颜小天使wy	8	https://misskon.com/tag/wuyanxiaotianshiwy/
Money冷冷	8	https://misskon.com/tag/money%e5%86%b7%e5%86%b7/
虎森森	8	https://misskon.com/tag/hu-sen-sen/
贝贝琪Becky	8	https://misskon.com/tag/%e8%b4%9d%e8%b4%9d%e7%90%aabecky/
奶桃桃	8	https://misskon.com/tag/nai-tao-tao/
香草喵露露	8	https://misskon.com/tag/%e9%a6%99%e8%8d%89%e5%96%b5%e9%9c%b2%e9%9c%b2/
洛桑w伊梓	8	https://misskon.com/tag/luo-sang-w-yi-zi/
Zyra秋	8	https://misskon.com/tag/zyra%e7%a7%8b/
发条少女	8	https://misskon.com/tag/%e5%8f%91%e6%9d%a1%e5%b0%91%e5%a5%b3/
いくみ (193iKkyu3)	8	https://misskon.com/tag/193ikkyu3/
末夜787	7	https://misskon.com/tag/mo-ye-787/
一只猫猫帽	7	https://misskon.com/tag/%e4%b8%80%e5%8f%aa%e7%8c%ab%e7%8c%ab%e5%b8%bd/
Joyce Lin	7	https://misskon.com/tag/joyce-lin/
不呆猫	7	https://misskon.com/tag/budaimao/
胡桃猫Kurumineko	7	https://misskon.com/tag/%e8%83%a1%e6%a1%83%e7%8c%abkurumineko/
橙子喵酱	7	https://misskon.com/tag/cheng-zi-miao-jiang/
喜欢爱理吗	7	https://misskon.com/tag/xi-huan-ai-li-ma/
三度_69	7	https://misskon.com/tag/%e4%b8%89%e5%ba%a6_69/
您的蛋蛋	7	https://misskon.com/tag/nindedandan/
毛毛帽	7	https://misskon.com/tag/%e6%af%9b%e6%af%9b%e5%b8%bd/
Seele麦麦	7	https://misskon.com/tag/seele-mai-mai/
以理服人藜藜子	7	https://misskon.com/tag/%e4%bb%a5%e7%90%86%e6%9c%8d%e4%ba%ba%e8%97%9c%e8%97%9c%e5%ad%90/
Hana Bunny	7	https://misskon.com/tag/hana-bunny/
linhi_cute	7	https://misskon.com/tag/linhi_cute/
yuumeilyn	7	https://misskon.com/tag/yuumeilyn/
Meriol Chan	7	https://misskon.com/tag/meriol-chan/
くろてぃあ (くろ)	7	https://misskon.com/tag/%e3%81%8f%e3%82%8d%e3%81%a6%e3%81%83%e3%81%82-%e3%81%8f%e3%82%8d/
Mui Anzai	7	https://misskon.com/tag/mui-anzai/
虎牙古阿扎	7	https://misskon.com/tag/%e8%99%8e%e7%89%99%e5%8f%a4%e9%98%bf%e6%89%8e/
叫兽	6	https://misskon.com/tag/%e5%8f%ab%e5%85%bd/
叉子宝宝	6	https://misskon.com/tag/%e5%8f%89%e5%ad%90%e5%ae%9d%e5%ae%9d/
奶桃	6	https://misskon.com/tag/nai-tao/
桜满三时	6	https://misskon.com/tag/ying-man-san-shi/
湖里狸	6	https://misskon.com/tag/%e6%b9%96%e9%87%8c%e7%8b%b8/
Sally Dorasnow	6	https://misskon.com/tag/sally-dorasnow/
Sally多啦雪	6	https://misskon.com/tag/sally%e5%a4%9a%e5%95%a6%e9%9b%aa/
切切Celia	6	https://misskon.com/tag/%e5%88%87%e5%88%87celia/
小和甜酒	6	https://misskon.com/tag/xiao-he-tian-jiu/
Potato Godzilla	6	https://misskon.com/tag/potato-godzilla/
悠宝三岁	6	https://misskon.com/tag/%e6%82%a0%e5%ae%9d%e4%b8%89%e5%b2%81/
Maou Mo	6	https://misskon.com/tag/maou-mo/
kyokoyaki	6	https://misskon.com/tag/kyokoyaki/
花柒Hana	6	https://misskon.com/tag/%e8%8a%b1%e6%9f%92hana/
Tina很妖孽呀	5	https://misskon.com/tag/tina-hen-yao-nie-ya/
雪琪SAMA	5	https://misskon.com/tag/%e9%9b%aa%e7%90%aasama/
小空sora	5	https://misskon.com/tag/xiao-kong-sora/
狐玖玖	5	https://misskon.com/tag/hu-jiu-jiu/
大大卷卷小卷	5	https://misskon.com/tag/%e5%a4%a7%e5%a4%a7%e5%8d%b7%e5%8d%b7%e5%b0%8f%e5%8d%b7/
Neko-薇薇	5	https://misskon.com/tag/neko-%e8%96%87%e8%96%87/
宫本桜	5	https://misskon.com/tag/%e5%ae%ab%e6%9c%ac%e6%a1%9c/
芝心蛋奶烧	5	https://misskon.com/tag/%e8%8a%9d%e5%bf%83%e8%9b%8b%e5%a5%b6%e7%83%a7/
艾西aiwest	5	https://misskon.com/tag/ai-xi-aiwest/
Miinmeow	5	https://misskon.com/tag/miinmeow/
Haruka_ハルカ	5	https://misskon.com/tag/haruka_%e3%83%8f%e3%83%ab%e3%82%ab/
Momoko葵葵	5	https://misskon.com/tag/momoko%e8%91%b5%e8%91%b5/
猫大人	5	https://misskon.com/tag/%e7%8c%ab%e5%a4%a7%e4%ba%ba/
蜜桃少女是依酱呀	5	https://misskon.com/tag/%e8%9c%9c%e6%a1%83%e5%b0%91%e5%a5%b3%e6%98%af%e4%be%9d%e9%85%b1%e5%91%80/
Ayame base	5	https://misskon.com/tag/ayame-base/
Mikehouse (ミケ)	5	https://misskon.com/tag/mikehouse-%e3%83%9f%e3%82%b1/
是三不是世w	5	https://misskon.com/tag/%e6%98%af%e4%b8%89%e4%b8%8d%e6%98%af%e4%b8%96w/
Reku Momoiro	5	https://misskon.com/tag/reku-momoiro/
幼水铃衣	4	https://misskon.com/tag/you-shui-ling-yi/
溯兮sukki	4	https://misskon.com/tag/%e6%ba%af%e5%85%aesukki/
十悲伤小木十	4	https://misskon.com/tag/%e5%8d%81%e6%82%b2%e4%bc%a4%e5%b0%8f%e6%9c%a8%e5%8d%81/
Azami福利	4	https://misskon.com/tag/azami%e7%a6%8f%e5%88%a9/
YanYan (ヤンヤン)	4	https://misskon.com/tag/yanyan-%e3%83%a4%e3%83%b3%e3%83%a4%e3%83%b3/
Vinnegal	4	https://misskon.com/tag/vinnegal/
渡久山	4	https://misskon.com/tag/%e6%b8%a1%e4%b9%85%e5%b1%b1/
晕崽Zz	4	https://misskon.com/tag/%e6%99%95%e5%b4%bdzz/
Cien恩恩	4	https://misskon.com/tag/cien%e6%81%a9%e6%81%a9/
樱落酱w	4	https://misskon.com/tag/yingluojiangw/
少女映画	4	https://misskon.com/tag/shao-nyu-ying-hua/
Shika小鹿鹿	4	https://misskon.com/tag/shika%e5%b0%8f%e9%b9%bf%e9%b9%bf/
抖娘-利世	4	https://misskon.com/tag/%e6%8a%96%e5%a8%98-%e5%88%a9%e4%b8%96/
千反田鹿子	4	https://misskon.com/tag/qian-fan-tian-lu-zi/
习呆呆	4	https://misskon.com/tag/xidaidai/
木之本果	4	https://misskon.com/tag/mu-zhi-ben-guo/
源纱希喵喵喵	4	https://misskon.com/tag/yuan-sha-xi-miao-miao-miao/
Eiraotis	4	https://misskon.com/tag/eiraotis/
Hachi_小芭	4	https://misskon.com/tag/hachi-xiao-ba/
安食Ajiki	4	https://misskon.com/tag/%e5%ae%89%e9%a3%9fajiki/
Remukira	4	https://misskon.com/tag/remukira/
MeenFox	4	https://misskon.com/tag/meenfox/
山崎雷纳	4	https://misskon.com/tag/%e5%b1%b1%e5%b4%8e%e9%9b%b7%e7%ba%b3/
黎黎	4	https://misskon.com/tag/%e9%bb%8e%e9%bb%8e/
Neko薇薇	4	https://misskon.com/tag/neko%e8%96%87%e8%96%87/
希尔薇	3	https://misskon.com/tag/%e5%b8%8c%e5%b0%94%e8%96%87/
雇頁頁	3	https://misskon.com/tag/%e9%9b%87%e9%a0%81%e9%a0%81/
Month-月一	3	https://misskon.com/tag/month-%e6%9c%88%e4%b8%80/
君颜圆又圆	3	https://misskon.com/tag/%e5%90%9b%e9%a2%9c%e5%9c%86%e5%8f%88%e5%9c%86/
呙呙	3	https://misskon.com/tag/%e5%91%99%e5%91%99/
核酸酱	3	https://misskon.com/tag/he-suan-jiang/
芦苇苇苇	3	https://misskon.com/tag/luweiweiwei/
Sayako (さやこ)	3	https://misskon.com/tag/sayako-%e3%81%95%e3%82%84%e3%81%93/
叉烧hibiki	3	https://misskon.com/tag/%e5%8f%89%e7%83%a7hibiki/
Zaya秋	3	https://misskon.com/tag/zaya%e7%a7%8b/
真宝	3	https://misskon.com/tag/%e7%9c%9f%e5%ae%9d/
花兮_honoka	3	https://misskon.com/tag/%e8%8a%b1%e5%85%ae_honoka/
CHUCHU	3	https://misskon.com/tag/chuchu/
狍崽饭(NaiXiloli)	3	https://misskon.com/tag/%e7%8b%8d%e5%b4%bd%e9%a5%adnaixiloli/
Hane Ame	3	https://misskon.com/tag/hane-ame/
沖田凜花Rinka	3	https://misskon.com/tag/chongtianlinhuarinka/
九九八XY	3	https://misskon.com/tag/%e4%b9%9d%e4%b9%9d%e5%85%abxy/
铃木美咲	3	https://misskon.com/tag/ling-mu-mei-xiao/
Lunara Fawn	3	https://misskon.com/tag/lunara-fawn/
冬马路纱	3	https://misskon.com/tag/%e5%86%ac%e9%a9%ac%e8%b7%af%e7%ba%b1/
Salt Melon	3	https://misskon.com/tag/salt-melon/
cocopie0218	3	https://misskon.com/tag/cocopie0218/
Maria Desu	3	https://misskon.com/tag/maria-desu/
Angel Chan	3	https://misskon.com/tag/angel-chan/
Mime	3	https://misskon.com/tag/mime/
masaki雅祈	3	https://misskon.com/tag/masaki-ya-qi/
Xenon	3	https://misskon.com/tag/xenon/
楊衣Yangyi	3	https://misskon.com/tag/yang-yi-yangyi/
KuukoW	3	https://misskon.com/tag/kuukow/
Yukina	3	https://misskon.com/tag/yukina/
Ashyliiii爱莉	3	https://misskon.com/tag/ashyliiii%e7%88%b1%e8%8e%89/
不可爱羚	3	https://misskon.com/tag/bu-ke-ai-ling/
Dakki伊	3	https://misskon.com/tag/dakki%e4%bc%8a/
智惠姐姐	3	https://misskon.com/tag/%e6%99%ba%e6%83%a0%e5%a7%90%e5%a7%90/
不得惹 (iuueas)	3	https://misskon.com/tag/%e4%b8%8d%e5%be%97%e6%83%b9-iuueas/
Seya-狮砸	2	https://misskon.com/tag/seya-%e7%8b%ae%e7%a0%b8/
珟_珏Dita	2	https://misskon.com/tag/su-jue-dita/
喵喵的喵吖	2	https://misskon.com/tag/%e5%96%b5%e5%96%b5%e7%9a%84%e5%96%b5%e5%90%96/
Hatori Sama	2	https://misskon.com/tag/hatori-sama/
蝉时w	2	https://misskon.com/tag/%e8%9d%89%e6%97%b6w/
魅瞳Meroko	2	https://misskon.com/tag/mei-tong-meroko/
Saizneko	2	https://misskon.com/tag/saizneko/
Nini22_椰椰贝	2	https://misskon.com/tag/nini22_%e6%a4%b0%e6%a4%b0%e8%b4%9d/
花音葉子	2	https://misskon.com/tag/%e8%8a%b1%e9%9f%b3%e8%91%89%e5%ad%90/
哎我黑切讷	2	https://misskon.com/tag/%e5%93%8e%e6%88%91%e9%bb%91%e5%88%87%e8%ae%b7/
美驴子donkey	2	https://misskon.com/tag/%e7%be%8e%e9%a9%b4%e5%ad%90donkey/
前羽_rr	2	https://misskon.com/tag/qianyu_rr/
Rikachan	2	https://misskon.com/tag/Rikachan/
慢炖仓鼠球	2	https://misskon.com/tag/%e6%85%a2%e7%82%96%e4%bb%93%e9%bc%a0%e7%90%83/
喵喵lock	2	https://misskon.com/tag/%e5%96%b5%e5%96%b5lock/
Anaimiya奶咪	2	https://misskon.com/tag/anaimiya-nai-mi/
阿包也是兔娘	2	https://misskon.com/tag/a-bao-ye-shi-tu-niang/
穆零Mu0	2	https://misskon.com/tag/%e7%a9%86%e9%9b%b6mu0/
零崎沙耶	2	https://misskon.com/tag/ling-qi-sha-ye/
Atsuki (あつき)	2	https://misskon.com/tag/atsuki/
饼饼大王	2	https://misskon.com/tag/%e9%a5%bc%e9%a5%bc%e5%a4%a7%e7%8e%8b/
Hologana	2	https://misskon.com/tag/hologana/
坊橋夜泊	2	https://misskon.com/tag/%e5%9d%8a%e6%a9%8b%e5%a4%9c%e6%b3%8a/
仙女月	2	https://misskon.com/tag/xian-nyu-yue/
刺青Poi	2	https://misskon.com/tag/ci-qing-poi/
OtherXXX	2	https://misskon.com/tag/otherxxx/
宮本桜	2	https://misskon.com/tag/gongbenying/
shixiaotaone	2	https://misskon.com/tag/shixiaotaone/
Yuki亭	2	https://misskon.com/tag/yuki%e4%ba%ad/
喵帕斯	2	https://misskon.com/tag/%e5%96%b5%e5%b8%95%e6%96%af/
兔胖胖	2	https://misskon.com/tag/tu-pang-pang/
鬼畜瑶在不在w	2	https://misskon.com/tag/gui-chu-yao-zai-bu-zai-w/
糖果果Candy	2	https://misskon.com/tag/tang-guo-guo-candy/
流年不停_w	2	https://misskon.com/tag/liu-nian-bu-ting-w/
RocksyLight	2	https://misskon.com/tag/rocksylight/
一枚呆呆	2	https://misskon.com/tag/%e4%b8%80%e6%9e%9a%e5%91%86%e5%91%86/
neko酱	2	https://misskon.com/tag/neko-jiang/
Bam (ばむ)	2	https://misskon.com/tag/bam-%e3%81%b0%e3%82%80/
Hijiri Kuronomori	2	https://misskon.com/tag/hijiri-kuronomori/
Kikiwan (キキワン)	2	https://misskon.com/tag/kikiwan-%e3%82%ad%e3%82%ad%e3%83%af%e3%83%b3/
七月喵子	2	https://misskon.com/tag/%e4%b8%83%e6%9c%88%e5%96%b5%e5%ad%90/
Shiro Kitsune	2	https://misskon.com/tag/shiro-kitsune/
肥嘟嘟右卫门	2	https://misskon.com/tag/%e8%82%a5%e5%98%9f%e5%98%9f%e5%8f%b3%e5%8d%ab%e9%97%a8/
nookkizzcos	2	https://misskon.com/tag/nookkizzcos/
Yamisung	2	https://misskon.com/tag/yamisung/
Chono Black	2	https://misskon.com/tag/chono-black/
隼隼子	2	https://misskon.com/tag/sun-sun-zi/
Patreon	2	https://misskon.com/tag/patreon/
Kano Nozomi	2	https://misskon.com/tag/kano-nozomi/
果咩酱w	2	https://misskon.com/tag/%e6%9e%9c%e5%92%a9%e9%85%b1w/
MLshian	2	https://misskon.com/tag/mlshian/
Puppy	2	https://misskon.com/tag/puppy/
rua阮阮	2	https://misskon.com/tag/rua-ruan-ruan/
职业奶妈三水子	2	https://misskon.com/tag/zhi-ye-nai-ma-san-shui-zi/
Ayaka_lewd	1	https://misskon.com/tag/ayaka_lewd/
yum_707玉米	1	https://misskon.com/tag/yum_707%e7%8e%89%e7%b1%b3/
萨隆苦囚	1	https://misskon.com/tag/%e8%90%a8%e9%9a%86%e8%8b%a6%e5%9b%9a/
修修猫ww	1	https://misskon.com/tag/%e4%bf%ae%e4%bf%ae%e7%8c%abww/
Mercurius-i (露)	1	https://misskon.com/tag/mercurius-i-%e9%9c%b2/
Carry key	1	https://misskon.com/tag/carry-key/
Meikasama	1	https://misskon.com/tag/meikasama/
Luisa_零纱	1	https://misskon.com/tag/luisa_%e9%9b%b6%e7%ba%b1/
土豆喵	1	https://misskon.com/tag/tu-dou-miao/
滕子京大王	1	https://misskon.com/tag/%e6%bb%95%e5%ad%90%e4%ba%ac%e5%a4%a7%e7%8e%8b/
Yuko	1	https://misskon.com/tag/yuko/
O木野来咯o	1	https://misskon.com/tag/o%e6%9c%a8%e9%87%8e%e6%9d%a5%e5%92%afo/
小女巫露娜	1	https://misskon.com/tag/%e5%b0%8f%e5%a5%b3%e5%b7%ab%e9%9c%b2%e5%a8%9c/
銘銘Kizami	1	https://misskon.com/tag/%e9%8a%98%e9%8a%98kizami/
宝钡bei	1	https://misskon.com/tag/%e5%ae%9d%e9%92%a1bei/
Tsuki_月隐	1	https://misskon.com/tag/tsuki_%e6%9c%88%e9%9a%90/
奶瑶妹妹	1	https://misskon.com/tag/%e5%a5%b6%e7%91%b6%e5%a6%b9%e5%a6%b9/
哎我黑切呐	1	https://misskon.com/tag/%e5%93%8e%e6%88%91%e9%bb%91%e5%88%87%e5%91%90/
琴里gogo梨	1	https://misskon.com/tag/%e7%90%b4%e9%87%8cgogo%e6%a2%a8/
LENivayaAya_爱雅	1	https://misskon.com/tag/lenivayaaya_%e7%88%b1%e9%9b%85/
洛城雪Yuki	1	https://misskon.com/tag/%e6%b4%9b%e5%9f%8e%e9%9b%aayuki/
牛乳啵啵	1	https://misskon.com/tag/%e7%89%9b%e4%b9%b3%e5%95%b5%e5%95%b5/
羊之甘露	1	https://misskon.com/tag/%e7%be%8a%e4%b9%8b%e7%94%98%e9%9c%b2/
Crystal	1	https://misskon.com/tag/crystal/
下饭樱桃子	1	https://misskon.com/tag/%e4%b8%8b%e9%a5%ad%e6%a8%b1%e6%a1%83%e5%ad%90/
Yoko宅夏	1	https://misskon.com/tag/yoko%e5%ae%85%e5%a4%8f/
前羽rr	1	https://misskon.com/tag/%e5%89%8d%e7%be%bdrr/
小野	1	https://misskon.com/tag/%e5%b0%8f%e9%87%8e/
白金Saki	1	https://misskon.com/tag/bai-jin-saki/
OwlLit	1	https://misskon.com/tag/owllit/
一千只猫薄荷	1	https://misskon.com/tag/%e4%b8%80%e5%8d%83%e5%8f%aa%e7%8c%ab%e8%96%84%e8%8d%b7/
三刀刀miido	1	https://misskon.com/tag/%e4%b8%89%e5%88%80%e5%88%80miido/
七只红豆	1	https://misskon.com/tag/%e4%b8%83%e5%8f%aa%e7%ba%a2%e8%b1%86/
角楯花凛	1	https://misskon.com/tag/%e8%a7%92%e6%a5%af%e8%8a%b1%e5%87%9b/
胡桃喵	1	https://misskon.com/tag/%e8%83%a1%e6%a1%83%e5%96%b5/
山崎怜Rei	1	https://misskon.com/tag/%e5%b1%b1%e5%b4%8e%e6%80%9crei/
鸽鸽咕咕w(我想吃麦当劳)	1	https://misskon.com/tag/%e9%b8%bd%e9%b8%bd%e5%92%95%e5%92%95w%e6%88%91%e6%83%b3%e5%90%83%e9%ba%a6%e5%bd%93%e5%8a%b3/
不倒霉的空空	1	https://misskon.com/tag/%e4%b8%8d%e5%80%92%e9%9c%89%e7%9a%84%e7%a9%ba%e7%a9%ba/
Mao Jiu Jiang Sakura	1	https://misskon.com/tag/mao-jiu-jiang-sakura/
八木芽子	1	https://misskon.com/tag/%e5%85%ab%e6%9c%a8%e8%8a%bd%e5%ad%90/
麦晓雯	1	https://misskon.com/tag/%e9%ba%a6%e6%99%93%e9%9b%af/
弥鹿	1	https://misskon.com/tag/%e5%bc%a5%e9%b9%bf/
果而kaer	1	https://misskon.com/tag/%e6%9e%9c%e8%80%8ckaer/
真真U	1	https://misskon.com/tag/%e7%9c%9f%e7%9c%9fu/
御伽樒	1	https://misskon.com/tag/%e5%be%a1%e4%bc%bd%e6%a8%92/
Hamusuk_k	1	https://misskon.com/tag/hamusuk_k/
甘噛みはむちゃん	1	https://misskon.com/tag/%e7%94%98%e5%99%9b%e3%81%bf%e3%81%af%e3%82%80%e3%81%a1%e3%82%83%e3%82%93/
桃濑衣衣	1	https://misskon.com/tag/%e6%a1%83%e6%bf%91%e8%a1%a3%e8%a1%a3/
钛合金大粑粑	1	https://misskon.com/tag/%e9%92%9b%e5%90%88%e9%87%91%e5%a4%a7%e7%b2%91%e7%b2%91/
Hamumang	1	https://misskon.com/tag/hamumang/
菌烨tako	1	https://misskon.com/tag/%e8%8f%8c%e7%83%a8tako/
无影喵喵Ghost	1	https://misskon.com/tag/wu-ying-miao-miao-ghost/
Kururin	1	https://misskon.com/tag/kururin/
萱-KaYa	1	https://misskon.com/tag/%e8%90%b1-kaya/
プーティア (プー)puutin	1	https://misskon.com/tag/%e3%83%97%e3%83%bc%e3%83%86%e3%82%a3%e3%82%a2-%e3%83%97%e3%83%bcpuutin/
Anachuu	1	https://misskon.com/tag/anachuu/
笠笠ami	1	https://misskon.com/tag/%e7%ac%a0%e7%ac%a0ami/
Terebi	1	https://misskon.com/tag/terebi/
Arty亞緹	1	https://misskon.com/tag/arty%e4%ba%9e%e7%b7%b9/
Nai_奈绯	1	https://misskon.com/tag/nai_%e5%a5%88%e7%bb%af/
Mikomi Hokina	1	https://misskon.com/tag/mikomi-hokina/
贞子蜜桃	1	https://misskon.com/tag/zhen-zi-mi-tao/
Momiko Lin	1	https://misskon.com/tag/momiko-lin/
犹大Yuta	1	https://misskon.com/tag/%e7%8a%b9%e5%a4%a7yuta/
Michi Kyunn	1	https://misskon.com/tag/michi-kyunn/
御子miko	1	https://misskon.com/tag/%e5%be%a1%e5%ad%90miko/
橙风千雅	1	https://misskon.com/tag/cheng-feng-qian-ya/
五十	1	https://misskon.com/tag/%e4%ba%94%e5%8d%81/
Uy Uy	1	https://misskon.com/tag/uy-uy/
水羽えと	1	https://misskon.com/tag/%e6%b0%b4%e7%be%bd%e3%81%88%e3%81%a8/
おりん(6m_oO)	1	https://misskon.com/tag/%e3%81%8a%e3%82%8a%e3%82%936m_oo/
苏嫣嫣阿姨	1	https://misskon.com/tag/su-yan-yan-a-yi/
一千只猫薄禾	1	https://misskon.com/tag/yi-qian-zhi-mao-bao-he/
柒柒不可爱	1	https://misskon.com/tag/qiqibukeai/
普通路过拳击怪	1	https://misskon.com/tag/%e6%99%ae%e9%80%9a%e8%b7%af%e8%bf%87%e6%8b%b3%e5%87%bb%e6%80%aa/
おふぁーむ(はる)	1	https://misskon.com/tag/%e3%81%8a%e3%81%b5%e3%81%81%e3%83%bc%e3%82%80%e3%81%af%e3%82%8b/
比奇堡黄塞方块	1	https://misskon.com/tag/%e6%af%94%e5%a5%87%e5%a0%a1%e9%bb%84%e5%a1%9e%e6%96%b9%e5%9d%97/
pprosemary	1	https://misskon.com/tag/pprosemary/
muchitina	1	https://misskon.com/tag/muchitina/
伊喵君	1	https://misskon.com/tag/yi-miao-jun/
Uriうり	1	https://misskon.com/tag/uri%e3%81%86%e3%82%8a/
Chami Madoka	1	https://misskon.com/tag/chami-madoka/
Tsuki Des	1	https://misskon.com/tag/tsuki-des/
aryminh	1	https://misskon.com/tag/aryminh/
luobao1221(洛宝)	1	https://misskon.com/tag/luobao1221%e6%b4%9b%e5%ae%9d/
清梨	1	https://misskon.com/tag/qing-li/
女主K	1	https://misskon.com/tag/nuzhuk/
Komugi(こむぎ)	1	https://misskon.com/tag/komugi%e3%81%93%e3%82%80%e3%81%8e/
ムッギーニ	1	https://misskon.com/tag/%e3%83%a0%e3%83%83%e3%82%ae%e3%83%bc%e3%83%8b/
九条南无	1	https://misskon.com/tag/jiu-tiao-na-mo/
如月灰	1	https://misskon.com/tag/ru-yue-hui/
Misa(米砂)	1	https://misskon.com/tag/misa%e7%b1%b3%e7%a0%82/
Sameki	1	https://misskon.com/tag/Sameki/
Hitsuji Negoto	1	https://misskon.com/tag/hitsuji-negoto/
Minichu	1	https://misskon.com/tag/minichu/
小樱	1	https://misskon.com/tag/xiao-ying/
樱岛嗷一	1	https://misskon.com/tag/yingdaoaoyi/
JP	1	https://misskon.com/tag/jp/
Moe Iori	1	https://misskon.com/tag/moe-iori/
uvu_0804(小母貓貓臉LuLu)	1	https://misskon.com/tag/uvu_0804%e5%b0%8f%e6%af%8d%e8%b2%93%e8%b2%93%e8%87%89lulu/
Private Photoshoot	1	https://misskon.com/tag/private-photoshoot/
小可爱	1	https://misskon.com/tag/%e5%b0%8f%e5%8f%af%e7%88%b1/
ShiragaYanko	1	https://misskon.com/tag/shiragayanko/
狐洛洛子	1	https://misskon.com/tag/hu-luo-luo-zi/
高桥尤美(bigcatmia)	1	https://misskon.com/tag/%e9%ab%98%e6%a1%a5%e5%b0%a4%e7%be%8ebigcatmia/
冉冉不甜v	1	https://misskon.com/tag/%e5%86%89%e5%86%89%e4%b8%8d%e7%94%9cv/
DreamlikeUwU	1	https://misskon.com/tag/dreamlikeuwu/
白日梦(Cncmeng8)	1	https://misskon.com/tag/%e7%99%bd%e6%97%a5%e6%a2%a6cncmeng8/
瓦斯塔亚小龙虾	1	https://misskon.com/tag/wasitayaxiaolongxia/
AI Generated	1	https://misskon.com/tag/ai-generated/
梓猫AzuNyan	1	https://misskon.com/tag/%e6%a2%93%e7%8c%abazunyan/
Tenletters	1	https://misskon.com/tag/tenletters/
Littlesshine 晴兒	1	https://misskon.com/tag/littlesshine-qing-er/
XUXU	1	https://misskon.com/tag/xuxu/
吃了个迟	1	https://misskon.com/tag/%e5%90%83%e4%ba%86%e4%b8%aa%e8%bf%9f/
ChiChibae	1	https://misskon.com/tag/chichibae/
走路摇zly	1	https://misskon.com/tag/zou-lu-yao-zly/
Hiino雪月	1	https://misskon.com/tag/hiino%e9%9b%aa%e6%9c%88/
小瑶幺幺	1	https://misskon.com/tag/xiao-yao-yao-yao/
困困大王(36010kk)	1	https://misskon.com/tag/%e5%9b%b0%e5%9b%b0%e5%a4%a7%e7%8e%8b36010kk/
返场解禁	1	https://misskon.com/tag/%e8%bf%94%e5%9c%ba%e8%a7%a3%e7%a6%81/
兔三岁(ss8888t)	1	https://misskon.com/tag/%e5%85%94%e4%b8%89%e5%b2%81ss8888t/
_milouos(莎弥拉)	1	https://misskon.com/tag/_milouos%e8%8e%8e%e5%bc%a5%e6%8b%89/
Nyan_Chan	1	https://misskon.com/tag/nyanchan/
小白奶兔	1	https://misskon.com/tag/%e5%b0%8f%e7%99%bd%e5%a5%b6%e5%85%94/
点心兔	1	https://misskon.com/tag/%e7%82%b9%e5%bf%83%e5%85%94/
一北亦北	1	https://misskon.com/tag/yi-bei-yi-bei/
