misskon모델	misskon작품	cosplaytele작품	misskon태그URL	매칭병형
布丁大法	96	32	https://misskon.com/tag/budingdafa/	布丁大法 (Pudding Dafa)(32)
钛合金TiTi	80	37	https://misskon.com/tag/taihejintiti/	钛合金TiTi(34); Fansly – 钛合金TiTi(2); 莉犬酱 (Li quan jiang) and 钛合金TiTi(1)
PoppaChan	76	63	https://misskon.com/tag/poppachan/	PoppaChan(63)
黏黏团子兔	71	12	https://misskon.com/tag/nianniantuanzitu/	Yaokoututu (黏黏团子兔)(12)
Bangni邦尼	64	28	https://misskon.com/tag/bangni-bang-ni/	Bangni邦尼(28)
年年Nnian	63	46	https://misskon.com/tag/nianniannnian/	年年Nnian(46)
UmekoJ	63	87	https://misskon.com/tag/umekoj/	Umeko J(87)
Byoru	61	222	https://misskon.com/tag/byoru/	Byoru (ビョル)(196); Byoru(24); Byoru (ビョル) 2B Cybuny(1); Byoru (ビョル) and Naoki(1)
星之迟迟Hoshilily	58	66	https://misskon.com/tag/xingzhichichihoshilily/	Hoshilily (星之迟迟)(63); Hoshilily(3)
慕慕Momo	56	87	https://misskon.com/tag/%e6%85%95%e6%85%95momo/	Sayo Momo(61); 慕慕Momo(25); Momo (Momo5952)(1)
yuuhui玉汇	54	59	https://misskon.com/tag/yuuhui%e7%8e%89%e6%b1%87/	Yuuhui玉汇 (Kokuhui)(47); Yuuhui玉汇(11); Yuuhui玉汇 2B Christmas Special(1)
蠢沫沫	50	39	https://misskon.com/tag/%e8%a0%a2%e6%b2%ab%e6%b2%ab/	Chunmomo (蠢沫沫)(29); Chunmomo – (蠢沫沫)(5); Chunmomo-(蠢沫沫)(3); Chunmomo (蠢沫沫) and 桃良阿宅 (taoliangazhai)(1)
日奈娇	49	37	https://misskon.com/tag/ri-nai-jiao/	Rinaijiao-(日奈娇)(35); Rinaijiao – (日奈娇)(1); Hina Jiao (日奈娇)(1)
白栎Shirly	45	3	https://misskon.com/tag/%e7%99%bd%e6%a0%8eshirly/	白栎Shirly (BailiKoi)(3)
小仓千代w	45	14	https://misskon.com/tag/%e5%b0%8f%e4%bb%93%e5%8d%83%e4%bb%a3w/	Kokurachiyo (小仓千代w)(14)
阿雪雪	44	9	https://misskon.com/tag/a-xue-xue/	阿雪雪 (axuexue yuki)(9)
二佐Nisa	43	7	https://misskon.com/tag/er-zuo-nisa/	二佐Nisa(6); 九曲jean and 二佐Nisa(1)
桜井宁宁	42	9	https://misskon.com/tag/%e6%a1%9c%e4%ba%95%e5%ae%81%e5%ae%81/	Sakurai Ningning-(桜井宁宁)(8); Sakurai Ningning (桜井宁宁)(1)
白银81	41	6	https://misskon.com/tag/%e7%99%bd%e9%93%b681/	白銀81 (81silver811)(6)
水淼Aqua	40	146	https://misskon.com/tag/%e6%b0%b4%e6%b7%bcaqua/	水淼Aqua(72); 水淼aqua(68); Aqua(5); 清水由乃 (Qsyn0101) and 水淼aqua(1)
屿鱼	39	2	https://misskon.com/tag/yu-yu-2/	屿鱼Yukako(1); 屿鱼 (Yu Yu)(1)
霜月shimo	38	11	https://misskon.com/tag/%e9%9c%9c%e6%9c%88shimo/	霜月shimo(11)
Tiny Asa	37	61	https://misskon.com/tag/tiny-asa/	Tiny Asa アサ (tiny.asababy)(59); ZinieQ (ジニCosplayer) and Tiny Asa アサ (tiny.asababy)(2)
纸悦Etsu_ko	36	0	https://misskon.com/tag/%e7%ba%b8%e6%82%a6etsu_ko/	
奈汐酱nice	36	19	https://misskon.com/tag/%e5%a5%88%e6%b1%90%e9%85%b1nice/	奈汐酱nice 自撮り(niceoppi)(16); 奈汐酱nice 自撮り(niceoppi) and Yunx1x1 (云溪溪)(1); 奈汐酱nice 自撮り (niceoppi)(1); 奈汐酱nice (niceoppi)(1)
鹿八岁	36	46	https://misskon.com/tag/lubasui/	鹿八岁baby (baby(32); 鹿八岁baby (baby-LuLu)(11); 鹿八岁 (baby(3)
清水凪	35	0	https://misskon.com/tag/%e6%b8%85%e6%b0%b4%e5%87%aa/	
AT鲨	34	0	https://misskon.com/tag/at-sha/	
G44不会受伤	33	7	https://misskon.com/tag/g44%e4%b8%8d%e4%bc%9a%e5%8f%97%e4%bc%a4/	G44不会受伤(4); G44(3)
Natsuko夏夏子	33	37	https://misskon.com/tag/natsuko-xia-xia-zi/	Natsuko夏夏子(34); 星澜是澜澜叫澜妹呀 (Xinglan is Lanlan called Lanmei) and Natsuko夏夏子(1); Natsuko夏夏子 and 秋和柯基 (QIUandCorgi)(1); 秋和柯基 (QIUandCorgi) and Natsuko夏夏子(1)
九柒喵	33	2	https://misskon.com/tag/%e4%b9%9d%e6%9f%92%e5%96%b5/	九柒喵 (Jiuqi)(2)
阿半今天很开心	32	2	https://misskon.com/tag/a-ban-jin-tian-hen-kai-xin/	阿半今天很开心 (A ban jintian hen kaixin)(2)
ZinieQ	32	88	https://misskon.com/tag/zinieq/	ZinieQ (ジニCosplayer)(80); ZinieQ(4); ZinieQ (ジニCosplayer) and Tiny Asa アサ (tiny.asababy)(2); ZinieQ (ジニCosplayer) and PingPing(1)
麻薯好吃	31	0	https://misskon.com/tag/%e9%ba%bb%e8%96%af%e5%a5%bd%e5%90%83/	
柒柒要乖哦	31	13	https://misskon.com/tag/qiqiyaoguaio/	柒柒要乖哦 (Qiqi yao guai o)(13)
清水由乃	31	12	https://misskon.com/tag/qing-shui-you-nai/	清水由乃 (Qsyn0101)(10); 清水由乃 (shimizuyuno)(1); 清水由乃 (Qsyn0101) and 水淼aqua(1)
神楽坂真冬	30	1	https://misskon.com/tag/%e7%a5%9e%e6%a5%bd%e5%9d%82%e7%9c%9f%e5%86%ac/	Mafuyu Kagurazaka (神楽坂真冬)(1)
洛璃LoLiSAMA	30	24	https://misskon.com/tag/luo-li-lolisama/	洛璃LoLiSAMA(22); LoliSAMA(1); LoLiSAMA(1)
PuyPuy	29	31	https://misskon.com/tag/puypuy/	Puypuy プィプィ (Puypuychan)(31)
浅安安	27	2	https://misskon.com/tag/qian-an-an/	Chunmomo (蠢沫沫) and 浅安安 (Qiananan)(1); 浅安安 (Qiananan)(1)
阿薰kaOri	27	27	https://misskon.com/tag/a-xun-kaori/	阿薰kaOri (axunkaOri)(26); 阿薰kaOri (axunkaOri) copslay Gouden Leeuw(1)
过期米线线喵	26	1	https://misskon.com/tag/%e8%bf%87%e6%9c%9f%e7%b1%b3%e7%ba%bf%e7%ba%bf%e5%96%b5/	过期米线线喵 (Expired Rice Noodle Meow)(1)
半半子	25	8	https://misskon.com/tag/banbanzi/	Banbanko (半半子)(8)
封疆疆v	25	7	https://misskon.com/tag/feng-jiang-jiang-v/	封疆疆v (Dolly48226855)(6); 封疆疆v (Dolly48226855) copslay Raiden Shogun(1)
落落Raku	25	25	https://misskon.com/tag/luo-luo-raku/	落落Raku (rakuraku166)(25)
香草奶喵	24	0	https://misskon.com/tag/%e9%a6%99%e8%8d%89%e5%a5%b6%e5%96%b5/	
疯猫ss	24	1	https://misskon.com/tag/feng-mao-ss/	疯猫ss(1)
Alina Becker	24	0	https://misskon.com/tag/alina-becker/	
ElyEE子	24	4	https://misskon.com/tag/elyeezi/	Ely_eee(ElyEE子)(2); Ely_eee (ElyEE子)(1); elyee子(1)
私人玩物	24	1	https://misskon.com/tag/%e7%a7%81%e4%ba%ba%e7%8e%a9%e7%89%a9/	私人玩物 (Siren wanwu)(1)
麻花麻花酱	23	6	https://misskon.com/tag/ma-hua-ma-hua-jiang/	麻花麻花酱 (Mahua Mahuajiang)(6)
云溪溪	22	14	https://misskon.com/tag/%e4%ba%91%e6%ba%aa%e6%ba%aa/	Yunx1x1 (云溪溪)(10); 奈汐酱nice 自撮り(niceoppi) and Yunx1x1 (云溪溪)(1); Yunx1x1 (云溪溪) and 奶桃 (Nai tao)(1); Xia Xiao Qiu Qiu Qiu (夏小秋秋秋) and Yunx1x1 (云溪溪)(1)
星澜是澜澜叫澜妹呀	21	16	https://misskon.com/tag/xing-lan-shi-lan-lan-jiao-lan-mei-ya/	星澜是澜澜叫澜妹呀 (Xinglan is Lanlan called Lanmei)(14); 星澜是澜澜叫澜妹呀 (Xinglan is Lanlan called Lanmei) and 晕崽Zz (yunzaizzz)(1); 星澜是澜澜叫澜妹呀 (Xinglan is Lanlan called Lanmei) and Natsuko夏夏子(1)
けん研	21	0	https://misskon.com/tag/%e3%81%91%e3%82%93%e7%a0%94/	
Hidori Rose	21	0	https://misskon.com/tag/hidori-rose/	
soso嗖嗖	20	6	https://misskon.com/tag/soso%e5%97%96%e5%97%96/	soso嗖嗖 (sosweetiii)(6)
Nyako喵子	20	21	https://misskon.com/tag/nyako%e5%96%b5%e5%ad%90/	Nyako (喵子)(21)
亚马逊鲶鱼	20	1	https://misskon.com/tag/%e4%ba%9a%e9%a9%ac%e9%80%8a%e9%b2%b6%e9%b1%bc/	亚马逊鲶鱼 (ymxny0919)(1)
西园寺南歌	20	3	https://misskon.com/tag/%e8%a5%bf%e5%9b%ad%e5%af%ba%e5%8d%97%e6%ad%8c/	西园寺南歌 (Megumi Nange)(3)
幼愛Youmeko	19	0	https://misskon.com/tag/you-ai-youmeko/	
桜桃喵	19	19	https://misskon.com/tag/%e6%a1%9c%e6%a1%83%e5%96%b5/	Cherry Neko (桜桃喵)(18); Cherry Neko (桜桃喵) and KimemeOwO (木绵绵OwO)(1)
雪晴Astra	19	11	https://misskon.com/tag/%e9%9b%aa%e6%99%b4astra/	雪晴Astra (雪晴嘟嘟)(11)
Aery Tiefling	19	0	https://misskon.com/tag/aery-tiefling/	
矢量鱼	18	0	https://misskon.com/tag/%e7%9f%a2%e9%87%8f%e9%b1%bc/	
九言	18	82	https://misskon.com/tag/jiu-yan/	九言 (Jiu Yan)(79); 九言 (Jiu Yan) and 小瑶幺幺 (xiaoyaoyaoyao12)(3)
lMusicl	18	17	https://misskon.com/tag/lmusicl/	lMusicl(16); lMusicl (Mewjiic)(1)
九曲Jean	17	11	https://misskon.com/tag/jiu-qu-jean/	九曲jean(10); 九曲jean and 二佐Nisa(1)
你的真真u	17	0	https://misskon.com/tag/%e4%bd%a0%e7%9a%84%e7%9c%9f%e7%9c%9fu/	
Quan冉有点饿	17	23	https://misskon.com/tag/quan-ran-you-dian-e/	Quan冉有点饿(18); 恶犬 (E quan)(3); 莉犬酱 (Li quan jiang) and 钛合金TiTi(1); 莉犬酱 (Li quan jiang)(1)
是一只熊仔吗	17	4	https://misskon.com/tag/shi-yi-zhi-xiong-zi/	是一只熊仔吗 (Shi yi zhixiong zi ma)(4)
双木扶苏	16	1	https://misskon.com/tag/shuang-mu-fu-su/	双木扶苏 (HayashiChuya)(1)
Xiaoyukiko小鱼	16	2	https://misskon.com/tag/xiaoyukiko%e5%b0%8f%e9%b1%bc/	XiaoYu(2)
起司块wii	16	3	https://misskon.com/tag/%e8%b5%b7%e5%8f%b8%e5%9d%97wii/	Cheesewii (起司块)(2); Cheesewii (起司块wii)(1)
NAGISA魔物喵	16	52	https://misskon.com/tag/nagisamowumiao/	Nagisa (魔物喵)(52)
七七娜娜子	16	6	https://misskon.com/tag/%e4%b8%83%e4%b8%83%e5%a8%9c%e5%a8%9c%e5%ad%90/	七七娜娜子 (Qiqi Nanako)(6)
羽生三未	15	1	https://misskon.com/tag/yu-sheng-san-wei/	羽生三未 (Hanyu san hitsuji)(1)
三無人型	15	1	https://misskon.com/tag/san-wu-ren-xing/	三無人型 (San Wuren Xing)(1)
Machi馬吉	15	22	https://misskon.com/tag/machi-ma-ji/	Machi馬吉(21); Machi馬吉 and Komachi(1)
蜜汁猫裘	15	14	https://misskon.com/tag/%e8%9c%9c%e6%b1%81%e7%8c%ab%e8%a3%98/	Meeu (蜜汁猫裘)(14)
lunananya	15	0	https://misskon.com/tag/lunananya/	
Choi Ji Yun	15	4	https://misskon.com/tag/choi-ji-yun/	Choi Ji Yun(2); 韵韵 (Yun Yun)(1); 笑笑有好运 (Xiao xiao you hao yun)(1)
一米八的大梨子	15	2	https://misskon.com/tag/%e4%b8%80%e7%b1%b3%e5%85%ab%e7%9a%84%e5%a4%a7%e6%a2%a8%e5%ad%90/	一米八的大梨子 (Yi mi ba de da lizi)(2)
蝶月真綾	15	0	https://misskon.com/tag/%e8%9d%b6%e6%9c%88%e7%9c%9f%e7%b6%be/	
洛美	15	2	https://misskon.com/tag/%e6%b4%9b%e7%be%8e/	洛美 (Luomei 226)(2)
抱走莫子aa	14	9	https://misskon.com/tag/%e6%8a%b1%e8%b5%b0%e8%8e%ab%e5%ad%90aa/	抱走莫子aa (mozi0228)(8); 抱走莫子aa(1)
轩萧学姐	14	3	https://misskon.com/tag/xuan-xiao-xue-jie/	轩萧学姐 (Xansoon)(2); Yunx1x1 (云溪溪) , 胡桃猫Kurumineko and 轩萧学姐 (Xansoon)(1)
皮皮奶可可爱了啦	14	5	https://misskon.com/tag/pipinaikekeailela/	皮皮奶可可爱了啦 (PPN130f)(3); 皮皮奶可可爱了啦 (Pippi is so cute)(2)
前野太太	14	0	https://misskon.com/tag/%e5%89%8d%e9%87%8e%e5%a4%aa%e5%a4%aa/	
星黛鹿鹿	14	0	https://misskon.com/tag/xing-dai-lu-lu/	
Candy_Ball	14	0	https://misskon.com/tag/candyball/	
眼酱大魔王w	14	0	https://misskon.com/tag/%e7%9c%bc%e9%85%b1%e5%a4%a7%e9%ad%94%e7%8e%8bw/	
Messie Huang	14	154	https://misskon.com/tag/messie-huang/	Arty Huang (Arty亚缇)(76); KaYa Huang (萱)(41); Messie Huang写真(15); Arty Huang(15)
上杉绘梨落	14	6	https://misskon.com/tag/%e4%b8%8a%e6%9d%89%e7%bb%98%e6%a2%a8%e8%90%bd/	上杉绘梨落 (Uesugi hui Nashi Ochi)(6)
KANEKO_咔喵	13	3	https://misskon.com/tag/kaneko_kamiao/	KANEKO (咔喵)(2); Rioko (凉凉子) and KANEKO (咔喵)(1)
铁手叫兽	13	1	https://misskon.com/tag/%e9%93%81%e6%89%8b%e5%8f%ab%e5%85%bd/	Wink是可爱的wink (winkwin44566322) and 铁手叫兽 (Tie shou jiao shou)(1)
可可小白兔	13	2	https://misskon.com/tag/ke-ke-xiao-bai-tu/	可可小白兔 (Keke Xiao Bai tu)(2)
Pyon	13	39	https://misskon.com/tag/pyon/	Pyoncos (ピオン)(38); Pyoncos (ピオン) and Kappan Pann (kappancos)(1)
miko酱ww	13	9	https://misskon.com/tag/miko-jiang-ww/	Miko酱 (mikomikoww)(8); Miko酱 (mikomikoww) and Fishy Fish(1)
絞肉姬Walküre	13	16	https://misskon.com/tag/jiao-rou-ji-walk-re/	絞肉姬 Walkure(8); 絞肉姬 Walkure (13HELLSLUT666)(8)
Irisuare(愛莉)	13	1	https://misskon.com/tag/irisuare%e6%84%9b%e8%8e%89/	愛莉 (Irisuare)(1)
曲奇软fufu	13	0	https://misskon.com/tag/%e6%9b%b2%e5%a5%87%e8%bd%affufu/	
高桥千凛	13	1	https://misskon.com/tag/%e9%ab%98%e6%a1%a5%e5%8d%83%e5%87%9b/	高桥千凛 (Gao qiao qian lin)(1)
Imyuiichann	13	7	https://misskon.com/tag/imyuiichann/	Imyuiichann(7)
rioko凉凉子	12	38	https://misskon.com/tag/rioko%e5%87%89%e5%87%89%e5%ad%90/	Rioko (凉凉子)(36); Rioko (凉凉子) and KANEKO (咔喵)(1); Rioko(1)
瓜希酱	12	11	https://misskon.com/tag/%e7%93%9c%e5%b8%8c%e9%85%b1/	Guaxichan (瓜希酱)(10); Guaxichan (瓜希酱) and Momoko葵葵(1)
秋和柯基	12	10	https://misskon.com/tag/qiu-he-ke-ji/	秋和柯基 (QIUandCorgi)(8); Natsuko夏夏子 and 秋和柯基 (QIUandCorgi)(1); 秋和柯基 (QIUandCorgi) and Natsuko夏夏子(1)
十万珍吱伏特	12	0	https://misskon.com/tag/%e5%8d%81%e4%b8%87%e7%8f%8d%e5%90%b1%e4%bc%8f%e7%89%b9/	
葛生w	12	0	https://misskon.com/tag/%e8%91%9b%e7%94%9fw/	
Hokunaimeko	12	24	https://misskon.com/tag/hokunaimeko/	Hokunaimeko(24)
Kurumi (クルミ)	12	14	https://misskon.com/tag/kurumi-%e3%82%af%e3%83%ab%e3%83%9f/	Ria Kurumi(13); Cospuri – Ria Kurumi(1)
Rizuna	12	0	https://misskon.com/tag/rizuna/	
萌芽儿o0	11	3	https://misskon.com/tag/%e8%90%8c%e8%8a%bd%e5%84%bfo0/	萌芽儿o0 (myeo0)(3)
小容仔咕咕咕w	11	6	https://misskon.com/tag/%e5%b0%8f%e5%ae%b9%e4%bb%94%e5%92%95%e5%92%95%e5%92%95w/	小容仔咕咕咕w (rongrongzi)(5); 小容仔咕咕咕w (rongrongzi) and Kumata(1)
一小央泽	11	3	https://misskon.com/tag/%e4%b8%80%e5%b0%8f%e5%a4%ae%e6%b3%bd/	一小央泽 (yixiaoyangzew)(3)
一色雨	11	0	https://misskon.com/tag/%e4%b8%80%e8%89%b2%e9%9b%a8/	
Tokar浵卡	11	57	https://misskon.com/tag/tokar-tong-ka/	Tokar 浵卡 (laurus0711)(56); Tokar (laurus0711)(1)
Sayo Momo	11	87	https://misskon.com/tag/sayo-momo/	Sayo Momo(61); 慕慕Momo(25); Momo (Momo5952)(1)
摇摇乐yoyo	11	1	https://misskon.com/tag/%e6%91%87%e6%91%87%e4%b9%90yoyo/	摇摇乐yoyo (yaoyao23333)(1)
六味帝皇酱	11	9	https://misskon.com/tag/%e5%85%ad%e5%91%b3%e5%b8%9d%e7%9a%87%e9%85%b1/	六味帝皇酱 (YourDrug88)(9)
CatDemon喵崽	10	9	https://misskon.com/tag/catdemon-miao-zai/	CatDemon喵崽(9)
面饼仙儿	10	1	https://misskon.com/tag/mianbingxianer/	面饼仙儿 (MBxer_cos)(1)
雯妹不讲道理	10	5	https://misskon.com/tag/%e9%9b%af%e5%a6%b9%e4%b8%8d%e8%ae%b2%e9%81%93%e7%90%86/	Wenwenkira (雯妹不讲道理)(5)
wendydydydy_酱油	10	0	https://misskon.com/tag/wendydydydy_%e9%85%b1%e6%b2%b9/	
Misaki Sai	10	60	https://misskon.com/tag/misaki-sai/	铃木美咲 (Misaki Suzuki)(54); サイちゃん (Sai(3); サイちゃん (Sai-Chan)(1); Misa(1)
Ulichan	10	0	https://misskon.com/tag/ulichan/	
